driver_id,driver_name,phone_number,city,rating,joined_date,status,updated_at
1,Matthew Rana,0181590830,Bengaluru,3.65,2023-11-19,SUSPENDED,2026-07-08 03:42:46
2,Omya Boase,+911860913909,Bengaluru,3.12,2026-01-03,INACTIVE,2026-07-03 13:04:46
3,Chandran Kant,+918246281948,Bengaluru,3.18,2026-06-02,ACTIVE,2026-06-28 18:42:46
4,Harshil Guha,01819093786,Bengaluru,4.9,2024-11-08,ACTIVE,2026-07-08 21:25:46
5,Sudiksha Pathak,03231948757,Bengaluru,3.27,2024-09-28,SUSPENDED,2026-07-04 21:27:46
6,Jacob Vala,02527601895,Bengaluru,4.36,2024-12-18,ACTIVE,2026-07-04 11:44:46
7,Watika Shan,+911471049746,Mumbai,4.42,2026-05-12,SUSPENDED,2026-07-03 04:50:46
8,Arin Shenoy,02917034236,Bengaluru,4.17,2025-03-07,ACTIVE,2026-07-06 12:43:46
9,Faris Ganesan,06842684656,Bengaluru,3.6,2024-07-01,INACTIVE,2026-07-04 20:15:46
10,Fitan Goda,+913307924402,Bengaluru,3.24,2025-04-19,INACTIVE,2026-07-03 13:37:46
11,Eiravati Dass,8907866661,Bengaluru,3.16,2025-07-26,ACTIVE,2026-07-03 19:48:46
12,David Halder,+913721590109,Bengaluru,4.16,2024-02-28,INACTIVE,2026-06-29 13:16:46
13,Januja Bal,+913962459571,Bengaluru,4.46,2024-01-04,INACTIVE,2026-07-04 16:55:46
14,Unnati Srinivasan,04121547280,Bengaluru,4.77,2024-05-22,ACTIVE,2026-06-30 11:48:46
15,Manan Bala,4148525388,Bengaluru,3.12,2025-08-27,ACTIVE,2026-07-03 02:21:46
16,Udant Hayer,+916338750047,Bengaluru,4.74,2024-08-14,SUSPENDED,2026-07-05 10:27:46
17,Hemangini Sekhon,5513137353,Bengaluru,3.86,2025-07-27,INACTIVE,2026-07-06 11:14:46
18,Varenya Padmanabhan,1163726516,Bengaluru,3.35,2025-06-27,INACTIVE,2026-06-30 10:03:46
19,Frado Dutt,+912029729975,Bengaluru,3.56,2024-03-07,SUSPENDED,2026-06-30 05:11:46
20,Ansh Atwal,1826330434,Bengaluru,4.38,2025-08-25,INACTIVE,2026-06-28 21:54:46
21,Eshana Lad,6205798682,Bengaluru,3.8,2025-10-12,INACTIVE,2026-07-09 09:15:46
22,Yashvi Bahl,02902227918,Bengaluru,4.97,2023-10-12,SUSPENDED,2026-07-09 12:19:46
23,Zarna Wali,7180334018,Hyderabad,4.13,2025-06-10,ACTIVE,2026-07-08 08:40:46
24,Dev Savant,09898347887,Hyderabad,3.75,2025-09-04,ACTIVE,2026-07-02 12:12:46
25,Aashi Jain,02616751361,Bengaluru,4.7,2024-06-03,INACTIVE,2026-07-05 13:10:46
26,Jason Dubey,5242731672,Bengaluru,3.2,2026-05-11,ACTIVE,2026-07-01 15:06:46
27,Neel Sankar,6563551505,Bengaluru,4.9,2025-11-15,SUSPENDED,2026-07-08 23:00:46
28,Ridhi Badami,05894811311,Bengaluru,4.96,2024-08-24,SUSPENDED,2026-07-04 09:57:46
29,Balveer Golla,02646288975,Bengaluru,4.54,2023-11-24,ACTIVE,2026-06-30 08:28:46
30,Dakshesh Goswami,01401419314,Bengaluru,3.48,2024-01-14,SUSPENDED,2026-07-02 03:33:46
31,Advay Nori,6492083124,Bengaluru,3.06,2023-09-25,ACTIVE,2026-07-05 16:41:46
32,Saksham Muni,4834782450,Bengaluru,4.91,2024-08-01,ACTIVE,2026-07-08 08:13:46
33,Alexander Badami,8838737167,Bengaluru,3.45,2025-11-03,SUSPENDED,2026-06-30 14:49:46
34,Yashawini Morar,3353265020,Bengaluru,4.82,2023-10-26,INACTIVE,2026-07-05 23:23:46
35,Raagini Gade,+911684934072,Bengaluru,3.36,2024-03-09,INACTIVE,2026-07-02 02:32:46
36,Sanaya Aggarwal,05585304352,Bengaluru,4.89,2023-07-10,ACTIVE,2026-07-09 10:42:46
37,Lakshmi Chacko,04833801412,Bengaluru,4.81,2025-03-20,SUSPENDED,2026-07-01 17:20:46
38,Meera Bajaj,04319829657,Bengaluru,3.7,2024-02-26,ACTIVE,2026-06-29 11:46:46
39,Maanav Bassi,8682889093,Bengaluru,4.5,2023-11-18,ACTIVE,2026-07-09 07:06:46
40,Benjamin Deol,5167800837,Bengaluru,3.59,2024-08-21,ACTIVE,2026-07-01 01:26:46
41,Tanmayi Boase,8818174143,Bengaluru,3.26,2024-05-22,INACTIVE,2026-06-28 20:27:46
42,Triveni Tak,01740931925,Hyderabad,4.81,2024-08-06,ACTIVE,2026-07-01 10:46:46
43,Kiaan Arora,00741374847,Hyderabad,4.02,2025-07-01,ACTIVE,2026-07-07 10:10:46
44,Jagat Iyengar,01704718746,Bengaluru,3.95,2024-05-29,ACTIVE,2026-06-28 22:46:46
45,Falan Chana,+918452984153,Bengaluru,4.11,2025-08-20,SUSPENDED,2026-07-09 08:07:46
46,Meera Bakshi,+910776426565,Bengaluru,3.55,2024-01-12,SUSPENDED,2026-07-09 12:51:46
47,Aarav Nair,06130445166,Bengaluru,3.65,2026-01-09,ACTIVE,2026-07-01 22:45:46
48,Jalsa Sangha,00410423468,Bengaluru,4.61,2024-11-10,SUSPENDED,2026-07-04 21:22:46
49,Kashvi Sangha,+916883106792,Bengaluru,4.89,2026-04-05,ACTIVE,2026-07-03 00:59:46
50,Vedika Bawa,2276544446,Bengaluru,3.15,2026-04-23,ACTIVE,2026-07-08 10:34:46
51,Charvi Subramanian,6122138783,Bengaluru,4.29,2025-06-11,ACTIVE,2026-07-02 07:32:46
52,Shivani Sane,+918331258153,Bengaluru,4.91,2025-01-31,ACTIVE,2026-07-06 16:52:46
53,Saksham Bahri,6668364507,Bengaluru,4.99,2024-09-12,ACTIVE,2026-07-04 12:33:46
54,Jeremiah Thakur,3143667640,Bengaluru,3.73,2024-01-22,ACTIVE,2026-07-03 04:46:46
55,Pavani Solanki,7016877313,Bengaluru,4.25,2024-03-04,ACTIVE,2026-07-08 13:03:46
56,Ikbal Shankar,+918002390424,Bengaluru,3.54,2025-10-06,ACTIVE,2026-07-02 17:27:46
57,Isaac Chaudhary,+914893643900,Bengaluru,4.89,2025-10-20,SUSPENDED,2026-06-29 23:35:46
58,Triveni Mallick,03783830640,Bengaluru,3.65,2023-08-11,INACTIVE,2026-07-08 07:18:46
59,Wishi Salvi,+914365370565,Bengaluru,4.27,2026-06-03,ACTIVE,2026-07-08 06:24:46
60,Rudra Ahuja,08137343373,Bengaluru,11.0,2024-08-23,ACTIVE,2026-06-30 11:17:46
61,Ikbal Tandon,2376092603,Bengaluru,4.05,2023-08-14,ACTIVE,2026-07-05 14:08:46
62,Ojasvi Ben,0267511253,Bengaluru,3.4,2024-04-22,ACTIVE,2026-07-05 00:47:46
63,Azad Muni,6557210141,Bengaluru,4.34,2025-01-04,ACTIVE,2026-07-09 14:33:46
64,Jatin Johal,05461073587,Bengaluru,4.01,2024-05-03,ACTIVE,2026-07-02 11:37:46
65,Januja Som,+916360607104,Bengaluru,4.64,2024-05-06,INACTIVE,2026-07-01 05:35:46
66,Harinakshi Patil,05904544091,Bengaluru,3.43,2023-08-15,ACTIVE,2026-07-03 04:16:46
67,Hredhaan Soman,7646727204,Bengaluru,11.0,2024-02-29,INACTIVE,2026-07-07 14:14:46
68,Falak Nagarajan,05918362361,Bengaluru,4.33,2026-04-13,ACTIVE,2026-06-30 07:35:46
69,Vasatika Nanda,+916114913167,Bengaluru,3.59,2025-06-02,INACTIVE,2026-07-09 06:56:46
70,Vivaan Deol,07938144494,Bengaluru,4.92,2025-02-07,ACTIVE,2026-07-09 06:06:46
71,Abha Issac,03233249351,Bengaluru,-1.0,2025-03-15,ACTIVE,2026-06-30 19:07:46
72,Yatan Tripathi,3170107375,Bengaluru,3.5,2023-09-09,ACTIVE,2026-07-07 02:42:46
73,Viraj Dar,+913993158279,Bengaluru,3.08,2024-08-15,ACTIVE,2026-07-07 20:46:46
74,Hitesh Palla,+910552034093,Hyderabad,4.71,2023-07-26,INACTIVE,2026-07-03 15:48:46
75,Nilima Prabhu,+919413078716,Bengaluru,3.3,2023-12-13,SUSPENDED,2026-06-29 01:33:46
76,Mohammed Walla,+912646446049,Hyderabad,4.4,2025-01-13,SUSPENDED,2026-07-08 17:42:46
77,Omaja Badami,03663062611,Bengaluru,4.6,2025-03-31,ACTIVE,2026-07-09 14:11:46
78,Triveni Gaba,+910082619958,Bengaluru,4.27,2024-03-31,INACTIVE,2026-07-01 13:39:46
79,Ijaya Mander,+918211673420,Bengaluru,3.04,2025-07-27,ACTIVE,2026-07-09 00:28:46
80,Chatresh Rama,+919239693729,Bengaluru,3.14,2024-06-11,SUSPENDED,2026-07-07 15:32:46
81,Mugdha Vasa,+916512330805,Bengaluru,3.95,2024-01-07,ACTIVE,2026-07-05 15:38:46
82,Tamanna Mohan,6493665787,Bengaluru,4.95,2024-04-11,INACTIVE,2026-06-29 05:30:46
83,Aarush Suri,03797276112,Bengaluru,3.09,2025-01-16,SUSPENDED,2026-07-07 05:03:46
84,Jasmit Chand,08800215810,Bengaluru,4.3,2025-08-29,ACTIVE,2026-07-02 13:48:46
85,Laban Bal,+919132742315,Mumbai,3.54,2026-02-11,ACTIVE,2026-07-01 05:50:46
86,Nathan Naik,4724873949,Hyderabad,3.93,2025-09-02,ACTIVE,2026-07-05 12:20:46
87,Eiravati Pradhan,+913262456241,Bengaluru,3.95,2025-10-10,SUSPENDED,2026-07-02 06:55:46
88,Jagvi Sethi,8914865465,Bengaluru,3.42,2025-12-21,SUSPENDED,2026-07-08 10:32:46
89,Jagvi Narayanan,+917329048449,Bengaluru,4.05,2026-05-05,SUSPENDED,2026-07-05 11:34:46
90,Aarav Bandi,+912496685027,Mumbai,3.73,2024-06-26,ACTIVE,2026-07-07 14:48:46
91,Anthony Bhagat,+919541858369,Mumbai,4.36,2024-10-18,ACTIVE,2026-07-03 05:12:46
92,Samarth Peri,7220327112,Bengaluru,-1.0,2026-05-07,ACTIVE,2026-07-08 16:01:46
93,Neelima Lalla,+910859979873,Bengaluru,3.51,2024-03-21,SUSPENDED,2026-07-08 03:20:46
94,Chaitanya Bhatia,0623201098,Bengaluru,3.86,2026-04-24,ACTIVE,2026-07-08 18:01:46
95,Lucky Sachdev,+918986928414,Mumbai,4.27,2026-03-07,SUSPENDED,2026-07-04 08:30:46
96,Vanya Yohannan,+916671723143,Mumbai,3.75,2026-04-04,SUSPENDED,2026-07-01 08:33:46
97,Jatin Nayak,4048684431,Bengaluru,3.16,2025-09-04,SUSPENDED,2026-07-06 18:24:46
98,Omkaar Lad,+913253659368,Bengaluru,3.57,2025-07-07,ACTIVE,2026-07-02 01:58:46
99,Abeer Bala,03943699192,Bengaluru,3.56,2024-02-18,INACTIVE,2026-06-29 08:00:46
100,Avi Choudhury,+919252000201,Bengaluru,3.97,2023-09-19,ACTIVE,2026-07-08 08:47:46
101,Januja Iyengar,1613331001,Bengaluru,4.81,2026-03-16,ACTIVE,2026-07-02 02:11:46
102,Vansha Chaudhry,+911345564054,Bengaluru,4.1,2024-09-19,SUSPENDED,2026-07-08 05:04:46
103,Jhalak Nagi,8749060681,Bengaluru,3.74,2024-12-28,ACTIVE,2026-07-03 02:53:46
104,Chanakya Yogi,3194260834,Bengaluru,4.49,2023-09-30,ACTIVE,2026-07-02 06:43:46
105,Ijaya Swaminathan,+917279584924,Bengaluru,4.94,2024-06-06,ACTIVE,2026-07-08 06:22:46
106,Wishi Gandhi,+911781551661,Bengaluru,3.5,2025-04-24,ACTIVE,2026-07-09 11:17:46
107,Kamya Jhaveri,04688263728,Hyderabad,3.85,2026-01-16,INACTIVE,2026-07-09 12:54:46
108,Ijaya Narain,2785277493,Bengaluru,4.86,2024-01-20,INACTIVE,2026-07-02 07:29:46
109,Turvi Khanna,3449223598,Bengaluru,3.22,2024-12-31,ACTIVE,2026-06-29 01:14:46
110,Warinder Narang,+914121362244,Bengaluru,4.1,2025-05-14,SUSPENDED,2026-07-08 18:34:46
111,Rohan Chopra,1436700663,Bengaluru,3.61,2025-08-24,INACTIVE,2026-07-08 12:15:46
112,Ubika Bains,+914960369963,Bengaluru,3.6,2026-05-11,ACTIVE,2026-07-05 20:19:46
113,Pratyush Dash,06541636246,Bengaluru,3.02,2025-07-27,ACTIVE,2026-06-29 07:49:46
114,Anmol Rout,2506710483,Bengaluru,4.05,2024-03-14,INACTIVE,2026-06-29 06:16:46
115,Zilmil Pall,+919783780585,Mumbai,3.04,2025-04-06,ACTIVE,2026-07-05 07:37:46
116,Shivansh Gour,08195044660,Bengaluru,3.85,2023-07-29,ACTIVE,2026-07-03 03:36:46
117,Omya Salvi,5941346836,Hyderabad,-1.0,2025-06-25,ACTIVE,2026-07-06 00:07:46
118,Nitesh Dayal,+913783256748,Bengaluru,3.62,2026-04-13,ACTIVE,2026-07-05 06:13:46
119,Upasna Pant,+914646270453,Bengaluru,4.9,2026-04-20,ACTIVE,2026-07-02 01:21:46
120,Ekani Srinivasan,06915246019,Bengaluru,4.33,2024-11-24,INACTIVE,2026-07-09 09:18:46
121,Hemani Aurora,0314491923,Bengaluru,4.95,2024-04-22,ACTIVE,2026-07-07 02:51:46
122,Hiral Dua,+916829918437,Bengaluru,4.8,2024-06-04,ACTIVE,2026-07-04 09:08:46
123,Reva Dada,1463277807,Bengaluru,4.3,2025-07-03,ACTIVE,2026-06-28 15:55:46
124,Vyanjana Koshy,02890257974,Bengaluru,4.68,2025-07-01,ACTIVE,2026-07-09 13:02:46
125,Pooja Sahota,1250090518,Hyderabad,3.16,2025-07-30,ACTIVE,2026-07-03 03:30:46
126,Maanas Bandi,+916251557883,Bengaluru,4.64,2024-09-22,ACTIVE,2026-07-02 08:56:46
127,Hema Sami,08044576584,Bengaluru,4.08,2025-09-02,INACTIVE,2026-07-08 18:53:46
128,Samar Tailor,+915354291068,Bengaluru,3.5,2025-03-30,INACTIVE,2026-07-09 01:15:46
129,Mohini Mital,+910037908896,Bengaluru,4.61,2026-02-21,ACTIVE,2026-06-30 04:56:46
130,Fitan Kala,+917212061052,Bengaluru,3.54,2024-10-31,ACTIVE,2026-07-05 06:19:46
131,Chasmum Goyal,00506990798,Bengaluru,4.44,2023-09-08,ACTIVE,2026-07-06 11:49:46
132,Oviya Ravel,01069927681,Bengaluru,4.43,2023-11-14,INACTIVE,2026-07-02 10:20:46
133,Simon Doshi,0600113127,Bengaluru,11.0,2023-08-05,ACTIVE,2026-06-30 07:59:46
134,Xavier Seshadri,2052148774,Hyderabad,4.72,2023-09-28,ACTIVE,2026-07-01 08:54:46
135,Advay Bhat,+919164492790,Bengaluru,4.51,2024-11-11,ACTIVE,2026-07-01 21:45:46
136,Reva Singhal,2215267674,Bengaluru,3.65,2025-12-05,ACTIVE,2026-06-30 13:06:46
137,Brinda Mammen,+919959029496,Mumbai,3.19,2024-07-25,ACTIVE,2026-07-06 10:53:46
138,Lila Puri,3740544629,Bengaluru,3.92,2023-09-12,SUSPENDED,2026-06-29 11:30:46
139,Lohit Din,08758188763,Bengaluru,4.68,2024-07-06,ACTIVE,2026-07-04 16:03:46
140,Dakshesh Rana,03490678185,Bengaluru,3.4,2023-10-14,ACTIVE,2026-07-04 21:07:46
141,Mitali Verma,08578933331,Hyderabad,3.65,2024-04-14,SUSPENDED,2026-07-05 18:28:46
142,Janani Parmer,08230751571,Bengaluru,3.2,2024-03-07,ACTIVE,2026-07-02 07:26:46
143,Azaan Pai,08901039799,Bengaluru,3.9,2024-06-04,ACTIVE,2026-07-09 08:41:46
144,Ati Sandhu,+917992405326,Bengaluru,4.95,2023-11-15,SUSPENDED,2026-07-07 00:41:46
145,Charan Banerjee,5771961145,Bengaluru,3.52,2025-12-01,SUSPENDED,2026-06-30 04:06:46
146,Gaurav Toor,02725332045,Bengaluru,3.07,2023-10-09,ACTIVE,2026-07-08 19:33:46
147,Champak Kuruvilla,7012503499,Bengaluru,4.3,2025-05-24,ACTIVE,2026-07-02 17:56:46
148,Urishilla Naik,04615762732,Bengaluru,3.37,2026-05-26,INACTIVE,2026-07-01 00:15:46
149,Upadhriti Hayer,+912319527160,Bengaluru,3.82,2026-03-11,SUSPENDED,2026-07-07 19:09:46
150,Sneha Nori,03715253027,Bengaluru,3.8,2025-11-14,INACTIVE,2026-07-09 05:32:46
151,Reva Dixit,06632049452,Bengaluru,4.13,2024-08-16,ACTIVE,2026-06-29 08:54:46
152,Ikbal Nadkarni,07128038741,Bengaluru,4.46,2024-08-12,ACTIVE,2026-07-03 11:27:46
153,Janya Sankaran,03316462042,Bengaluru,3.18,2026-03-28,ACTIVE,2026-07-07 15:16:46
154,Riya Tripathi,08270842560,Bengaluru,4.1,2025-04-04,SUSPENDED,2026-06-30 03:32:46
155,Aradhana Golla,+912832391197,Bengaluru,4.01,2024-09-06,SUSPENDED,2026-07-07 13:13:46
156,Samesh Devan,3943018608,Bengaluru,3.77,2024-12-30,ACTIVE,2026-07-07 13:21:46
157,Baghyawati Tailor,+910672432950,Mumbai,3.97,2024-03-18,ACTIVE,2026-06-29 16:27:46
158,Aayush Parekh,7811535690,Hyderabad,4.78,2024-10-03,INACTIVE,2026-06-30 08:26:46
159,Warda Sekhon,0882031392,Bengaluru,3.95,2024-03-25,SUSPENDED,2026-07-07 02:57:46
160,Devika Krishna,0013409978,Bengaluru,3.25,2024-07-13,ACTIVE,2026-06-30 18:17:46
161,Harshil Panchal,+912041779841,Bengaluru,4.34,2024-01-14,INACTIVE,2026-06-30 18:30:46
162,Nidra Devan,9332976206,Bengaluru,3.61,2025-04-22,INACTIVE,2026-07-02 17:56:46
163,Meghana Ben,05635695680,Bengaluru,3.89,2024-11-24,SUSPENDED,2026-07-02 01:04:46
164,Ira Krish,00518215638,Bengaluru,3.89,2026-05-13,INACTIVE,2026-07-03 12:15:46
165,Umang Dewan,06700094948,Bengaluru,3.26,2023-09-02,INACTIVE,2026-06-30 22:37:46
166,Zashil Dara,0630414521,Bengaluru,3.08,2023-10-10,ACTIVE,2026-07-01 13:16:46
167,Frado Shukla,8271824694,Bengaluru,4.5,2024-09-06,ACTIVE,2026-07-07 19:33:46
168,Gagan Mani,09936385784,Bengaluru,4.39,2026-02-14,INACTIVE,2026-07-05 09:36:46
169,Upasna Mukherjee,+913533886960,Bengaluru,4.58,2025-01-06,ACTIVE,2026-06-30 07:09:46
170,William Naik,5744340028,Mumbai,3.65,2023-10-20,ACTIVE,2026-07-04 22:21:46
171,Ria Bhatia,6751832655,Bengaluru,3.96,2024-02-11,ACTIVE,2026-07-04 14:07:46
172,Aradhana Vasa,+917426106891,Bengaluru,3.36,2025-08-20,INACTIVE,2026-07-07 07:12:46
173,Mason Sahni,09916774545,Mumbai,4.54,2025-03-06,SUSPENDED,2026-06-30 20:35:46
174,Ekanta Ahuja,7674284269,Mumbai,4.77,2025-02-13,ACTIVE,2026-07-05 02:56:46
175,Gaurang Narayanan,09353600049,Mumbai,4.15,2025-08-19,ACTIVE,2026-07-06 19:32:46
176,Devika Yohannan,6886675095,Bengaluru,4.92,2025-06-11,ACTIVE,2026-06-28 20:20:46
177,Ekansh Vohra,+911658689236,Bengaluru,4.33,2025-08-03,ACTIVE,2026-07-06 11:01:46
178,Ria Oza,8125551482,Bengaluru,4.23,2023-12-27,ACTIVE,2026-07-07 00:05:46
179,Hemal Upadhyay,02848383620,Bengaluru,4.23,2026-03-13,SUSPENDED,2026-07-04 06:13:46
180,Ira Basak,6004804619,Bengaluru,4.05,2023-08-01,ACTIVE,2026-06-30 11:06:46
181,Ronith Gill,08948829369,Bengaluru,3.73,2024-01-13,ACTIVE,2026-07-05 17:10:46
182,Naksh Vasa,1011287796,Bengaluru,3.9,2023-10-13,ACTIVE,2026-07-03 07:19:46
183,Ekantika Dhawan,3542041915,Hyderabad,3.11,2024-05-01,SUSPENDED,2026-07-01 19:20:46
184,Lekha Bahri,+913690709333,Bengaluru,4.04,2023-09-15,ACTIVE,2026-07-09 13:45:46
185,Oscar Murty,+917469471369,Bengaluru,3.05,2024-06-16,ACTIVE,2026-07-08 19:44:46
186,Dayamai Rastogi,7031225620,Bengaluru,4.31,2024-10-02,SUSPENDED,2026-06-29 18:47:46
187,Janani Contractor,08656116583,Hyderabad,4.3,2025-03-01,ACTIVE,2026-07-08 05:39:46
188,Unni Mander,03604052321,Hyderabad,3.1,2024-05-08,ACTIVE,2026-07-03 01:32:46
189,Joshua Savant,03255366934,Bengaluru,4.82,2025-07-17,ACTIVE,2026-07-08 07:05:46
190,Utkarsh Sethi,2497958369,Bengaluru,4.29,2025-09-08,ACTIVE,2026-07-04 18:44:46
191,Jeremiah Das,8184609240,Bengaluru,4.36,2025-03-05,ACTIVE,2026-06-29 09:14:46
192,Peter Kata,03118584314,Bengaluru,-1.0,2023-11-22,ACTIVE,2026-07-04 08:23:46
193,Bhavya Date,6456724205,Bengaluru,3.78,2026-05-29,SUSPENDED,2026-07-01 23:26:46
194,Nitara Bakshi,7365124149,Bengaluru,7.5,2024-06-13,ACTIVE,2026-06-30 05:29:46
195,Nidhi Baral,2634260842,Bengaluru,3.42,2025-12-01,ACTIVE,2026-07-07 14:18:46
196,Widisha Verma,06950140990,Bengaluru,3.22,2024-07-22,ACTIVE,2026-07-09 15:17:46
197,Baljiwan Nagar,+915166934815,Bengaluru,3.28,2025-04-27,ACTIVE,2026-07-09 12:25:46
198,Harini Thakur,7803682730,Hyderabad,4.18,2025-11-23,ACTIVE,2026-07-03 12:04:46
199,Owen Gade,3843025561,Bengaluru,3.41,2024-05-16,ACTIVE,2026-06-28 19:01:46
200,Laksh Deshpande,7733087254,Bengaluru,3.95,2024-02-01,ACTIVE,2026-07-04 04:52:46
201,Wridesh Nath,1862297631,Bengaluru,3.52,2024-09-30,ACTIVE,2026-07-03 19:47:46
202,Jalsa Sur,+910044314712,Mumbai,3.95,2024-11-24,ACTIVE,2026-07-02 22:30:46
203,Upadhriti Patil,02810077159,Bengaluru,3.2,2024-08-22,SUSPENDED,2026-07-05 16:24:46
204,Vrinda Saraf,03850514943,Bengaluru,4.66,2023-11-07,INACTIVE,2026-07-08 23:07:46
205,Ayaan Bakshi,02452821495,Bengaluru,3.58,2025-02-17,ACTIVE,2026-07-02 11:48:46
206,Ishani Nagarajan,+915285430019,Hyderabad,4.39,2026-03-10,ACTIVE,2026-07-01 06:43:46
207,Chandresh Kalita,06724991232,Bengaluru,4.89,2024-02-08,ACTIVE,2026-07-02 10:12:46
208,Neelima Chakraborty,+917733500986,Bengaluru,4.88,2024-02-16,SUSPENDED,2026-07-07 18:59:46
209,Ekbal Bhakta,6517022640,Bengaluru,3.71,2025-05-27,ACTIVE,2026-07-02 19:18:46
210,Rohan Singh,+918587682699,Bengaluru,3.74,2023-11-12,SUSPENDED,2026-07-01 09:55:46
211,Garima Mishra,9657245803,Bengaluru,4.96,2024-06-18,SUSPENDED,2026-06-29 16:31:46
212,Frederick Din,9589658397,Bengaluru,4.21,2025-03-15,SUSPENDED,2026-07-07 00:37:46
213,Ishaan Karan,+913813413847,Bengaluru,4.11,2024-06-25,ACTIVE,2026-06-30 08:11:46
214,Upkaar Chowdhury,8991617288,Hyderabad,3.67,2025-09-03,ACTIVE,2026-07-05 05:31:46
215,Yutika Chaudry,06823971259,Bengaluru,4.41,2023-10-06,ACTIVE,2026-07-05 15:59:46
216,Warjas Batta,00093741261,Bengaluru,4.21,2026-02-27,ACTIVE,2026-07-04 16:13:46
217,Ishwar Pant,+915504135885,Bengaluru,3.33,2025-08-06,ACTIVE,2026-07-07 05:33:46
218,Ira Chaudhry,08591034537,Bengaluru,3.59,2023-08-11,ACTIVE,2026-07-05 08:23:46
219,Ishaan Bail,01142284629,Bengaluru,3.78,2024-07-31,INACTIVE,2026-07-05 22:39:46
220,Sachi Atwal,+915278700129,Bengaluru,3.59,2026-04-05,INACTIVE,2026-07-08 16:04:46
221,Vamakshi Dutt,7639815583,Bengaluru,4.82,2024-11-03,INACTIVE,2026-07-05 17:33:46
222,Caleb Kakar,+915759765505,Hyderabad,4.3,2025-12-24,ACTIVE,2026-06-29 09:38:46
223,Gauri Karan,+913790224641,Bengaluru,3.25,2025-08-23,ACTIVE,2026-07-03 07:29:46
224,Ishanvi Wable,2081369154,Bengaluru,3.8,2024-07-12,INACTIVE,2026-07-02 01:18:46
225,Ekbal Modi,05835865055,Bengaluru,4.24,2025-07-25,ACTIVE,2026-07-09 02:26:46
226,Yagnesh Keer,02230767694,Bengaluru,3.98,2024-03-27,SUSPENDED,2026-07-06 09:34:46
227,Maanas Mitra,4498513919,Bengaluru,4.56,2024-04-11,ACTIVE,2026-06-30 00:45:46
228,Ira Sidhu,06175244802,Bengaluru,3.41,2026-03-08,ACTIVE,2026-07-01 04:53:46
229,Warjas Bahri,+910673948133,Bengaluru,4.48,2023-10-05,INACTIVE,2026-07-01 11:33:46
230,Chanakya Buch,+919520348050,Bengaluru,4.97,2024-06-02,ACTIVE,2026-07-03 03:16:46
231,Eta Bala,7695206019,Bengaluru,3.03,2024-12-09,ACTIVE,2026-06-30 07:13:46
232,Mugdha Kurian,00059506952,Hyderabad,3.45,2023-12-01,ACTIVE,2026-07-03 01:06:46
233,Nachiket Kade,+918155658982,Bengaluru,3.33,2026-04-25,ACTIVE,2026-07-01 18:44:46
234,Victor Kuruvilla,7048784588,Bengaluru,4.44,2024-09-06,INACTIVE,2026-07-02 05:31:46
235,Zayyan Andra,7152361092,Bengaluru,4.1,2024-01-14,ACTIVE,2026-07-04 16:55:46
236,Yachana Jayaraman,2495222805,Mumbai,4.37,2024-07-19,ACTIVE,2026-07-05 04:04:46
237,Wishi Kala,5673501016,Bengaluru,4.31,2026-05-21,SUSPENDED,2026-06-29 12:37:46
238,Darpan Kari,6663040463,Bengaluru,4.79,2024-07-02,INACTIVE,2026-07-09 12:27:46
239,Samar Nanda,04473927424,Hyderabad,4.13,2024-09-19,ACTIVE,2026-06-28 21:19:46
240,Garima Agrawal,03259973903,Bengaluru,4.31,2025-01-18,ACTIVE,2026-07-04 20:13:46
241,Reva Gopal,02401202428,Bengaluru,4.16,2025-01-05,INACTIVE,2026-07-04 11:06:46
242,Om Shetty,6165650933,Bengaluru,4.81,2026-03-09,SUSPENDED,2026-07-07 17:22:46
243,Baljiwan Deshmukh,9396100511,Bengaluru,4.79,2024-01-12,INACTIVE,2026-07-05 23:14:46
244,Laban Vora,00238288185,Hyderabad,4.48,2025-08-17,ACTIVE,2026-07-05 02:05:46
245,Ikshita Kale,+911420441038,Bengaluru,4.65,2023-09-21,INACTIVE,2026-07-02 10:35:46
246,Janani Loke,+915078485646,Bengaluru,3.98,2025-04-24,ACTIVE,2026-07-07 04:50:46
247,Oni Rajagopal,+916662039849,Bengaluru,4.39,2025-02-13,INACTIVE,2026-07-04 01:53:46
248,Rushil D’Alia,+919006857857,Bengaluru,5.0,2025-12-22,ACTIVE,2026-06-28 19:18:46
249,Urvashi Singhal,5986365168,Bengaluru,3.04,2024-08-25,ACTIVE,2026-06-30 23:48:46
250,Ekbal Kapoor,4475897932,Bengaluru,4.51,2023-10-19,INACTIVE,2026-06-29 10:58:46
251,Samarth Wable,+915322720565,Bengaluru,3.19,2025-05-03,SUSPENDED,2026-07-01 09:01:46
252,Nimrat Dube,4615588471,Bengaluru,3.87,2024-09-08,ACTIVE,2026-07-05 03:27:46
253,Bina Sehgal,1772820257,Hyderabad,3.99,2025-09-24,ACTIVE,2026-07-05 18:48:46
254,Kamala Virk,06408309409,Bengaluru,4.58,2024-04-11,ACTIVE,2026-07-06 20:39:46
255,Anvi Naik,03471871326,Bengaluru,3.18,2024-10-02,SUSPENDED,2026-07-02 21:43:46
256,Caleb Savant,05046694536,Bengaluru,3.1,2025-12-23,ACTIVE,2026-07-01 19:30:46
257,Rehaan Pradhan,+913511766867,Hyderabad,4.32,2026-04-02,INACTIVE,2026-06-30 10:39:46
258,Hritik Shere,06672176728,Bengaluru,4.35,2023-07-23,ACTIVE,2026-07-08 17:39:46
259,Sai Ratti,0485671131,Bengaluru,3.92,2025-12-12,ACTIVE,2026-07-09 01:30:46
260,Harsh Taneja,+913970357086,Bengaluru,3.2,2026-01-01,ACTIVE,2026-07-04 21:34:46
261,Niharika Bedi,2553802848,Bengaluru,3.52,2024-08-19,ACTIVE,2026-07-09 01:43:46
262,Dhriti Rajagopal,04868604436,Bengaluru,4.28,2025-05-16,SUSPENDED,2026-07-01 13:27:46
263,Dalaja Jaggi,+910385779255,Bengaluru,3.24,2024-05-15,INACTIVE,2026-07-02 13:19:46
264,Charan Murthy,+918169504374,Bengaluru,4.36,2024-05-15,INACTIVE,2026-07-02 22:13:46
265,Suhani Ravi,7330261021,Bengaluru,3.17,2026-01-20,INACTIVE,2026-07-09 14:36:46
266,Pranit Atwal,8273438223,Bengaluru,4.34,2025-09-17,ACTIVE,2026-07-07 00:18:46
267,Udyati Chandran,+911063476202,Bengaluru,3.55,2023-09-11,ACTIVE,2026-07-09 03:30:46
268,Sanya Memon,+919582445832,Bengaluru,4.49,2026-05-07,ACTIVE,2026-07-04 18:44:46
269,Mahika Bali,06243813722,Bengaluru,4.42,2025-05-06,ACTIVE,2026-07-09 15:16:46
270,Neelima Contractor,+915138814750,Bengaluru,3.03,2025-08-18,INACTIVE,2026-07-05 05:33:46
271,Sai Sundaram,04998132743,Hyderabad,4.2,2025-12-24,ACTIVE,2026-07-04 03:43:46
272,Bachittar Chaudhuri,+915324025577,Bengaluru,4.46,2024-07-27,ACTIVE,2026-07-03 19:09:46
273,Januja Gola,+914187181296,Bengaluru,4.26,2025-06-24,INACTIVE,2026-07-04 20:58:46
274,Bahadurjit Baral,9162695152,Hyderabad,3.58,2025-01-17,ACTIVE,2026-06-29 16:19:46
275,Gautam Narula,+917424113127,Bengaluru,4.66,2024-09-01,INACTIVE,2026-07-06 02:55:46
276,Ekta Sidhu,+912980845346,Mumbai,4.37,2025-11-17,ACTIVE,2026-07-09 05:03:46
277,Joshua Khatri,8831010793,Bengaluru,3.54,2024-06-29,ACTIVE,2026-07-06 21:10:46
278,Onveer Dube,00669814911,Mumbai,3.55,2026-05-05,ACTIVE,2026-07-01 12:45:46
279,Vivaan Kohli,8031951039,Bengaluru,4.11,2024-04-05,ACTIVE,2026-07-04 20:16:46
280,Hema Chad,09205660132,Bengaluru,4.36,2025-09-10,ACTIVE,2026-06-30 14:29:46
281,Matthew Padmanabhan,+913335107078,Bengaluru,3.77,2024-12-02,ACTIVE,2026-07-08 07:54:46
282,Dev Issac,0561592772,Hyderabad,4.16,2024-08-14,ACTIVE,2026-07-01 22:42:46
283,Chatresh Shukla,9266849811,Bengaluru,3.4,2024-08-03,ACTIVE,2026-07-03 20:43:46
284,Wriddhish Hora,7837906656,Bengaluru,3.72,2025-03-31,ACTIVE,2026-07-02 03:24:46
285,Vedant Nori,9640479017,Bengaluru,3.21,2025-04-19,ACTIVE,2026-06-30 14:57:46
286,Chandani Shankar,+915831567904,Bengaluru,3.56,2024-12-11,ACTIVE,2026-06-29 23:42:46
287,Anika Grover,7683130626,Mumbai,4.13,2024-09-02,ACTIVE,2026-07-01 20:27:46
288,Matthew Patil,+913596475893,Bengaluru,4.22,2024-03-16,ACTIVE,2026-07-07 03:14:46
289,Aditya Acharya,+911379451886,Bengaluru,3.06,2024-02-03,INACTIVE,2026-07-02 12:24:46
290,Omaja Borra,9574454680,Bengaluru,4.2,2026-04-20,ACTIVE,2026-07-05 04:43:46
291,Wakeeta Patla,0018674829,Hyderabad,3.47,2025-06-20,INACTIVE,2026-07-07 00:25:46
292,Eshana Subramanian,+910423998062,Bengaluru,3.32,2026-01-09,ACTIVE,2026-07-09 06:57:46
293,Wyatt Manne,0686167545,Bengaluru,3.12,2024-03-16,ACTIVE,2026-07-04 22:34:46
294,Chanakya Walia,02380248240,Bengaluru,4.48,2026-01-06,ACTIVE,2026-07-07 04:31:46
295,Leela Parsa,2447395761,Hyderabad,3.01,2026-06-01,SUSPENDED,2026-07-01 19:13:46
296,Janaki Ramesh,06741397862,Bengaluru,3.94,2024-11-08,ACTIVE,2026-07-02 03:09:46
297,Max Mallick,7861465684,Bengaluru,3.88,2026-03-13,INACTIVE,2026-07-06 14:09:46
298,Aashi Sengupta,+910894595431,Bengaluru,4.86,2025-11-07,ACTIVE,2026-07-02 11:20:46
299,Nitara Choudhry,02216656675,Mumbai,4.86,2025-01-02,ACTIVE,2026-07-04 07:49:46
300,Luke Wali,8642351618,Bengaluru,3.23,2023-07-13,ACTIVE,2026-07-06 16:51:46
301,Rachana Raval,+919422338140,Bengaluru,4.11,2026-04-11,INACTIVE,2026-07-03 08:10:46
302,Bhavna Deep,6941998493,Bengaluru,3.05,2024-06-20,ACTIVE,2026-07-05 00:13:46
303,Girindra Parsa,9150811530,Bengaluru,3.64,2025-06-19,SUSPENDED,2026-07-08 18:22:46
304,Sanya Maharaj,0798900871,Bengaluru,4.58,2025-07-29,ACTIVE,2026-07-08 06:31:46
305,Chaitaly Oak,08933834980,Bengaluru,3.4,2024-06-19,ACTIVE,2026-07-08 03:01:46
306,Ayush Thaman,06514191668,Bengaluru,3.83,2026-01-08,ACTIVE,2026-06-29 14:51:46
307,Upkaar Bhakta,08541792679,Bengaluru,4.61,2025-06-14,ACTIVE,2026-07-01 06:08:46
308,Harita Gupta,+916243180733,Bengaluru,3.72,2024-08-24,ACTIVE,2026-06-30 10:11:46
309,Chaman Bajaj,9015360848,Bengaluru,4.69,2025-01-11,ACTIVE,2026-07-05 20:14:46
310,Diya Pant,01025607151,Bengaluru,4.66,2024-03-04,ACTIVE,2026-07-06 10:40:46
311,Urishilla Sunder,+915572189486,Bengaluru,4.34,2024-05-29,ACTIVE,2026-07-06 15:15:46
312,Zayan Bail,+914866262201,Bengaluru,4.38,2024-06-05,SUSPENDED,2026-07-04 05:01:46
313,Ayaan Andra,+917039815598,Bengaluru,4.68,2025-06-25,ACTIVE,2026-07-03 00:11:46
314,Samesh Amble,+913561192377,Bengaluru,4.74,2025-12-13,ACTIVE,2026-07-09 09:35:46
315,Ekansh Bhagat,02637792179,Bengaluru,3.74,2025-02-20,SUSPENDED,2026-07-01 23:15:46
316,William Karnik,+916930313007,Bengaluru,3.24,2023-09-22,INACTIVE,2026-06-30 14:01:46
317,Wridesh Kanda,0896402707,Bengaluru,4.75,2023-12-17,SUSPENDED,2026-07-08 22:28:46
318,Rachit Dhar,2985186010,Bengaluru,4.07,2025-11-18,SUSPENDED,2026-07-07 10:13:46
319,Yadavi Yogi,+910894760830,Bengaluru,3.62,2024-04-25,ACTIVE,2026-07-06 07:18:46
320,Sathvik Das,3619188511,Bengaluru,4.67,2024-07-14,ACTIVE,2026-07-02 11:57:46
321,Gaurav Pillai,04442799530,Bengaluru,4.74,2023-11-08,ACTIVE,2026-07-01 23:42:46
322,Caleb Comar,9386769931,Bengaluru,4.0,2023-08-11,INACTIVE,2026-07-06 21:42:46
323,Azaan Deshmukh,00294742445,Mumbai,3.45,2023-08-22,INACTIVE,2026-07-07 14:39:46
324,Lavanya Chandra,+917279543068,Hyderabad,3.78,2023-08-10,ACTIVE,2026-07-03 13:30:46
325,Vihaan Parikh,00351821056,Mumbai,3.73,2026-03-08,SUSPENDED,2026-07-04 02:25:46
326,Jeevika Bhatt,1723808368,Bengaluru,4.12,2026-03-15,ACTIVE,2026-07-06 01:37:46
327,Simon Kamdar,00461297924,Bengaluru,4.27,2025-03-07,ACTIVE,2026-07-04 02:07:46
328,Harita Kurian,+911349921916,Bengaluru,4.01,2024-10-23,INACTIVE,2026-07-01 19:17:46
329,Devansh Bhavsar,0151281784,Bengaluru,4.62,2025-06-07,SUSPENDED,2026-07-04 17:40:46
330,Harish Kumer,06627175530,Hyderabad,3.55,2025-03-02,ACTIVE,2026-07-05 11:46:46
331,Hredhaan Joshi,05490311294,Bengaluru,3.03,2026-05-01,ACTIVE,2026-07-05 03:38:46
332,Pranit Bath,+917106419930,Hyderabad,3.33,2023-10-17,ACTIVE,2026-07-08 00:42:46
333,Alexander Loyal,+915582254552,Bengaluru,4.07,2025-09-28,ACTIVE,2026-07-05 01:43:46
334,Yuvraj Gandhi,06033365374,Bengaluru,3.58,2023-07-20,SUSPENDED,2026-07-05 00:40:46
335,Hardik Purohit,03407771178,Bengaluru,4.39,2025-08-11,SUSPENDED,2026-07-04 00:22:46
336,Nidhi Dalal,07236701314,Bengaluru,4.1,2025-01-20,ACTIVE,2026-07-09 07:58:46
337,Upasna Khare,08018373996,Bengaluru,3.44,2023-12-26,SUSPENDED,2026-07-03 14:20:46
338,Rachana Vohra,+913828531174,Bengaluru,3.71,2025-07-05,SUSPENDED,2026-07-04 00:02:46
339,Karan Borde,05134511774,Bengaluru,3.57,2024-04-13,ACTIVE,2026-07-06 22:15:46
340,Yutika Bakshi,7083792526,Hyderabad,4.21,2024-11-20,INACTIVE,2026-07-02 03:32:46
341,Jhalak Gopal,3097173047,Bengaluru,4.53,2024-02-12,INACTIVE,2026-07-03 17:57:46
342,Daksha Murthy,3160205731,Bengaluru,3.28,2025-07-19,SUSPENDED,2026-07-07 15:25:46
343,Yasti Swamy,3933734743,Bengaluru,4.49,2024-11-19,ACTIVE,2026-07-03 12:19:46
344,Niharika Goel,06095230294,Bengaluru,3.82,2026-02-05,INACTIVE,2026-06-30 10:53:46
345,Vaishnavi Raju,+914381462282,Bengaluru,4.7,2025-12-28,INACTIVE,2026-07-01 16:50:46
346,Dakshesh Ganesh,+916219764932,Bengaluru,3.58,2024-08-29,SUSPENDED,2026-06-30 19:55:46
347,Girish Behl,01041422618,Mumbai,11.0,2025-02-13,INACTIVE,2026-07-02 06:08:46
348,Yochana Dada,03789588361,Bengaluru,4.07,2026-01-13,INACTIVE,2026-06-30 08:14:46
349,Lavanya Golla,4365841097,Hyderabad,4.64,2024-06-02,ACTIVE,2026-07-04 08:52:46
350,Aditya Saxena,05275361386,Bengaluru,4.78,2025-03-23,ACTIVE,2026-06-30 00:00:46
351,Viraj Prabhakar,5675233410,Bengaluru,4.84,2025-09-08,INACTIVE,2026-06-30 22:33:46
352,Nidra Salvi,1797598556,Bengaluru,4.37,2024-11-08,SUSPENDED,2026-06-29 03:51:46
353,Vasatika Badami,2651483393,Bengaluru,4.9,2025-02-01,ACTIVE,2026-07-03 03:47:46
354,Aadhya Gade,+919790309868,Bengaluru,3.8,2024-09-04,ACTIVE,2026-07-02 23:54:46
355,Ekaraj Agrawal,+911302324300,Bengaluru,3.88,2024-01-02,SUSPENDED,2026-07-08 09:56:46
356,Gaurang Issac,+917518554674,Hyderabad,3.64,2024-12-07,ACTIVE,2026-07-07 18:22:46
357,Fiyaz Lalla,+914119042558,Hyderabad,3.59,2025-08-10,INACTIVE,2026-06-29 09:46:46
358,Raghav Behl,+916640341711,Bengaluru,3.58,2026-01-04,ACTIVE,2026-07-03 10:16:46
359,Rayaan Sethi,03917962039,Bengaluru,4.26,2024-06-08,ACTIVE,2026-07-03 14:29:46
360,Tanvi Khosla,08688500303,Bengaluru,3.01,2025-09-12,ACTIVE,2026-07-03 11:42:46
361,Siddharth Sha,3234422037,Bengaluru,3.03,2024-12-16,SUSPENDED,2026-06-30 06:24:46
362,Mekhala Mutti,4095140583,Hyderabad,4.29,2024-02-28,ACTIVE,2026-07-02 20:12:46
363,Yatan Shenoy,+913518857841,Bengaluru,3.29,2023-12-21,ACTIVE,2026-07-08 13:09:46
364,Lila Sarkar,01483757658,Bengaluru,4.9,2025-06-02,INACTIVE,2026-07-08 19:19:46
365,Charan Cheema,01420821790,Bengaluru,4.37,2024-10-16,ACTIVE,2026-07-04 07:09:46
366,Harini Sarkar,1261004281,Hyderabad,3.07,2023-10-26,ACTIVE,2026-07-04 08:51:46
367,Nihal Wali,6232665513,Hyderabad,7.5,2025-06-19,ACTIVE,2026-07-02 13:40:46
368,Gavin Lad,6732947632,Bengaluru,3.48,2024-05-04,SUSPENDED,2026-07-07 05:19:46
369,Hredhaan Varghese,03048729552,Bengaluru,4.8,2024-12-20,SUSPENDED,2026-07-05 00:15:46
370,Omya Bhalla,+913950490053,Bengaluru,3.49,2024-11-13,INACTIVE,2026-07-05 02:23:46
371,Jasmit Mitra,09566413069,Bengaluru,4.42,2024-07-22,ACTIVE,2026-07-07 03:55:46
372,Onveer Dora,04856642385,Bengaluru,3.37,2026-05-16,SUSPENDED,2026-07-04 11:58:46
373,Hemani Gera,02808757735,Bengaluru,4.07,2025-01-19,ACTIVE,2026-07-08 01:27:46
374,Devansh Chaudhry,+915003519170,Bengaluru,4.83,2024-05-12,INACTIVE,2026-07-05 04:04:46
375,Neelima Mukhopadhyay,06497554591,Bengaluru,3.87,2026-01-25,ACTIVE,2026-07-05 17:11:46
376,Veda Sehgal,00333585190,Bengaluru,3.19,2025-06-24,SUSPENDED,2026-07-02 00:26:46
377,Arjun Deep,01284851390,Bengaluru,4.59,2024-06-13,ACTIVE,2026-07-03 02:39:46
378,Rachita Dugar,01635458278,Hyderabad,4.92,2025-08-24,ACTIVE,2026-07-06 00:36:46
379,Luke Radhakrishnan,2208195003,Bengaluru,3.26,2025-08-31,INACTIVE,2026-06-30 03:45:46
380,Yadavi Kale,7283227062,Bengaluru,3.49,2026-01-29,ACTIVE,2026-06-28 23:14:46
381,Anya Kaur,03870105238,Mumbai,4.09,2024-08-09,ACTIVE,2026-06-28 16:43:46
382,Zansi Gill,+919239179346,Bengaluru,11.0,2025-09-09,ACTIVE,2026-07-06 05:07:46
383,Vrinda Agarwal,01186257238,Bengaluru,4.33,2024-12-12,ACTIVE,2026-07-01 06:07:46
384,Yatan Issac,+912659644237,Bengaluru,3.13,2023-11-18,ACTIVE,2026-07-03 05:57:46
385,Reyansh Mutti,+918426779774,Bengaluru,3.81,2025-07-10,ACTIVE,2026-07-07 14:56:46
386,Urmi Upadhyay,+918231561615,Bengaluru,4.36,2025-04-29,INACTIVE,2026-07-08 17:34:46
387,Indira Ramanathan,2798007586,Bengaluru,4.4,2025-05-10,ACTIVE,2026-07-07 06:12:46
388,Naksh Agrawal,2565993528,Bengaluru,3.54,2025-11-12,ACTIVE,2026-07-03 13:41:46
389,Qabil Mangal,+912095777458,Bengaluru,3.32,2023-08-08,INACTIVE,2026-07-08 22:00:46
390,Ekta Sood,+915469994056,Bengaluru,4.26,2023-10-21,ACTIVE,2026-06-29 23:34:46
391,Advik Majumdar,04726013302,Hyderabad,4.04,2024-02-22,ACTIVE,2026-07-09 11:26:46
392,Vedant Kanda,+916411288126,Hyderabad,4.53,2024-05-03,SUSPENDED,2026-07-09 07:36:46
393,Watika Raju,01292401021,Bengaluru,3.22,2023-09-07,ACTIVE,2026-07-08 01:35:46
394,Falak Ganguly,+917212395351,Bengaluru,4.49,2025-05-13,ACTIVE,2026-07-01 12:57:46
395,Mahika Rege,07370222250,Hyderabad,4.89,2025-05-31,INACTIVE,2026-07-01 13:36:46
396,Ria Atwal,07095682088,Bengaluru,4.4,2024-02-15,ACTIVE,2026-07-02 09:17:46
397,Parth Rajagopal,+910880563966,Bengaluru,4.9,2024-12-08,ACTIVE,2026-07-01 09:30:46
398,Neel Mutti,03439095584,Bengaluru,4.28,2026-02-11,ACTIVE,2026-07-07 03:57:46
399,Nathan Suresh,01702619649,Bengaluru,3.82,2025-09-04,ACTIVE,2026-06-28 16:48:46
400,Aayush Chahal,2164196741,Bengaluru,4.34,2025-06-05,SUSPENDED,2026-07-02 10:20:46
401,Gunbir Banik,04314453888,Bengaluru,4.28,2025-05-01,ACTIVE,2026-06-29 21:04:46
402,Tanmayi Nadkarni,07102409825,Bengaluru,3.67,2026-03-24,ACTIVE,2026-06-28 18:10:46
403,Zaid Lad,0770110379,Bengaluru,4.2,2025-07-06,ACTIVE,2026-07-05 14:56:46
404,Bina Oza,2212845223,Bengaluru,3.97,2025-07-14,ACTIVE,2026-07-07 17:00:46
405,Zashil Lad,+913294168973,Bengaluru,3.9,2023-12-08,INACTIVE,2026-06-30 04:01:46
406,Upasna Munshi,0637783428,Bengaluru,3.34,2026-06-05,INACTIVE,2026-07-07 15:34:46
407,Eesha Ravel,+912777495187,Bengaluru,3.66,2026-01-09,INACTIVE,2026-07-03 00:07:46
408,Nicholas Oza,+915612794569,Bengaluru,4.57,2025-11-05,ACTIVE,2026-06-29 05:39:46
409,Dipta Balakrishnan,03714759573,Bengaluru,4.23,2025-10-29,ACTIVE,2026-07-06 16:18:46
410,Jagvi Guha,3443916038,Bengaluru,3.05,2023-10-27,ACTIVE,2026-07-06 18:46:46
411,Yutika Tripathi,1314139040,Bengaluru,4.69,2025-05-01,ACTIVE,2026-06-30 04:55:46
412,Avni Munshi,0865982093,Bengaluru,3.37,2024-04-12,ACTIVE,2026-07-06 21:21:46
413,Harsh Kade,+914985660196,Bengaluru,3.74,2023-12-27,ACTIVE,2026-07-07 20:28:46
414,Yoshita Divan,05000698625,Bengaluru,4.26,2025-01-26,ACTIVE,2026-07-02 01:48:46
415,Jagrati Pingle,08222221912,Bengaluru,4.46,2024-10-31,ACTIVE,2026-07-06 10:11:46
416,Watika Sachar,08003623035,Bengaluru,3.89,2024-07-18,ACTIVE,2026-07-02 00:07:46
417,Vansha Ram,05703078309,Bengaluru,3.44,2024-04-15,SUSPENDED,2026-07-01 02:10:46
418,Ekaraj Lad,+915151641873,Bengaluru,3.57,2026-06-08,INACTIVE,2026-07-04 12:51:46
419,Orinder Mody,05186290712,Bengaluru,3.02,2026-03-06,ACTIVE,2026-07-03 06:19:46
420,Bhavani Tripathi,+915018386233,Bengaluru,3.89,2025-05-12,ACTIVE,2026-07-02 12:45:46
421,Sudiksha Chand,+917036136184,Bengaluru,3.65,2025-01-24,INACTIVE,2026-06-29 20:14:46
422,Yuvraj Lata,5306661211,Hyderabad,4.62,2023-10-05,ACTIVE,2026-06-29 20:53:46
423,Adya Chaudhry,08743179741,Bengaluru,4.91,2026-01-09,ACTIVE,2026-06-30 19:18:46
424,Jonathan Dhaliwal,+917620290115,Bengaluru,4.7,2024-07-15,ACTIVE,2026-06-28 20:56:46
425,Timothy Loyal,02564277202,Bengaluru,4.11,2023-11-28,ACTIVE,2026-06-30 00:54:46
426,Wahab Dugal,4116130205,Bengaluru,3.52,2023-11-16,SUSPENDED,2026-07-08 07:24:46
427,Eesha Sathe,9834837525,Bengaluru,4.67,2025-01-10,ACTIVE,2026-07-02 07:44:46
428,Arunima Thakkar,+918066920844,Hyderabad,3.92,2024-01-09,SUSPENDED,2026-06-30 12:25:46
429,Kavya Varughese,03886844604,Bengaluru,3.82,2025-07-27,SUSPENDED,2026-06-30 22:34:46
430,Tanay Seth,04751533645,Hyderabad,4.68,2023-08-04,ACTIVE,2026-07-01 17:54:46
431,Darsh Om,06069843557,Bengaluru,4.09,2023-12-24,INACTIVE,2026-07-08 10:56:46
432,Vinaya Chaudry,03470256746,Bengaluru,4.55,2024-03-06,ACTIVE,2026-07-09 14:35:46
433,Mitesh Goswami,2540350206,Bengaluru,4.19,2025-04-27,ACTIVE,2026-07-03 12:40:46
434,Max Prasad,1147869406,Bengaluru,4.98,2025-03-05,ACTIVE,2026-07-07 03:32:46
435,Ladli Apte,5155209330,Bengaluru,4.68,2025-12-25,ACTIVE,2026-07-08 07:56:46
436,Chaaya Chaudhari,+913379951095,Bengaluru,4.03,2025-09-17,INACTIVE,2026-07-08 19:57:46
437,Yashvi Sharma,+913374650315,Bengaluru,3.2,2025-03-20,ACTIVE,2026-06-29 08:03:46
438,Pahal Kohli,09360884477,Bengaluru,3.71,2025-07-04,SUSPENDED,2026-07-02 11:29:46
439,Chatura Rai,03992978621,Bengaluru,3.04,2024-08-15,ACTIVE,2026-07-01 05:24:46
440,Gavin Mukhopadhyay,03011125066,Bengaluru,4.37,2025-09-04,ACTIVE,2026-06-30 16:31:46
441,Bimala Pall,5218871548,Bengaluru,4.62,2024-05-29,ACTIVE,2026-07-06 23:47:46
442,Lila Parmar,09989441951,Bengaluru,3.97,2025-01-27,ACTIVE,2026-06-29 18:36:46
443,Laksh Narasimhan,1526053602,Mumbai,4.2,2026-05-03,INACTIVE,2026-07-05 19:46:46
444,Sanya Patel,04327250063,Bengaluru,3.15,2024-11-18,ACTIVE,2026-06-29 20:17:46
445,Brijesh Taneja,7382122482,Bengaluru,3.42,2026-02-15,SUSPENDED,2026-07-02 02:20:46
446,Yashodhara Murthy,08827912444,Bengaluru,11.0,2026-05-28,ACTIVE,2026-07-09 07:50:46
447,Tristan Savant,5925778201,Bengaluru,4.75,2023-11-11,ACTIVE,2026-07-03 07:15:46
448,Yauvani Divan,01280093717,Bengaluru,4.0,2025-10-13,SUSPENDED,2026-06-30 10:35:46
449,Qabil Jain,05902551109,Bengaluru,3.07,2024-01-12,INACTIVE,2026-06-28 20:39:46
450,Nathaniel Master,4413794800,Bengaluru,3.2,2024-09-25,ACTIVE,2026-06-29 13:00:46
451,Darika Chand,8799268767,Bengaluru,4.93,2024-05-09,ACTIVE,2026-07-03 21:34:46
452,Avni Madan,8324603137,Bengaluru,3.81,2025-01-30,ACTIVE,2026-07-01 22:56:46
453,Yashvi Pall,7095632576,Bengaluru,4.79,2024-03-07,ACTIVE,2026-07-06 14:23:46
454,Pavani Gour,08333591445,Bengaluru,4.74,2026-03-22,SUSPENDED,2026-07-05 09:42:46
455,Vasatika Manda,09935604428,Bengaluru,3.13,2025-11-13,SUSPENDED,2026-06-30 17:20:46
456,Onkar Master,1676631262,Bengaluru,4.93,2025-09-07,ACTIVE,2026-06-30 10:00:46
457,Eesha Kant,6642129327,Bengaluru,4.16,2026-01-04,INACTIVE,2026-07-07 23:59:46
458,Ria Thakur,01037091863,Bengaluru,4.8,2024-10-26,ACTIVE,2026-07-06 19:02:46
459,Orinder Palan,01712424810,Bengaluru,3.47,2025-12-14,INACTIVE,2026-07-05 20:01:46
460,Rudra Kothari,+911441472404,Bengaluru,4.73,2025-06-24,ACTIVE,2026-07-06 20:16:46
461,Kamya Kibe,6130151770,Bengaluru,3.16,2024-06-23,ACTIVE,2026-07-09 09:02:46
462,Indali Bansal,06686346198,Bengaluru,4.07,2025-05-23,ACTIVE,2026-07-04 04:24:46
463,Vamakshi Maharaj,+916630837938,Bengaluru,4.5,2025-09-06,ACTIVE,2026-07-07 13:24:46
464,Fariq Pillay,00047237246,Bengaluru,3.83,2026-03-22,INACTIVE,2026-06-30 03:03:46
465,Luke Ramaswamy,0406758935,Bengaluru,4.88,2023-10-22,ACTIVE,2026-06-29 18:59:46
466,Chanakya Brar,00448211140,Bengaluru,3.11,2025-01-31,ACTIVE,2026-07-08 15:10:46
467,Megha Thaker,6118747761,Bengaluru,3.42,2025-05-15,ACTIVE,2026-07-03 03:45:46
468,Lajita Iyengar,07668841907,Bengaluru,4.36,2024-08-19,SUSPENDED,2026-06-30 05:05:46
469,Mitesh Sastry,09452982624,Bengaluru,4.48,2024-07-12,ACTIVE,2026-06-28 21:34:46
470,Anay Saha,+910974971116,Bengaluru,3.91,2024-10-19,ACTIVE,2026-07-07 07:19:46
471,Keya Patla,+917100283118,Bengaluru,4.12,2024-05-06,ACTIVE,2026-06-29 07:54:46
472,Laksh Mann,07493509186,Bengaluru,4.51,2024-10-25,ACTIVE,2026-07-08 13:45:46
473,Isaac Chaudhry,01939474296,Bengaluru,4.0,2023-08-11,SUSPENDED,2026-07-03 16:10:46
474,Tanmayi Nanda,08481187535,Bengaluru,4.81,2024-01-03,SUSPENDED,2026-07-09 03:30:46
475,Yashoda Thakur,04536849936,Bengaluru,4.42,2025-06-30,ACTIVE,2026-07-03 01:06:46
476,Samar Deshmukh,2801425493,Bengaluru,3.65,2025-03-20,ACTIVE,2026-07-07 18:21:46
477,Owen Char,01278603666,Bengaluru,3.8,2024-05-07,SUSPENDED,2026-07-03 01:21:46
478,Bhavika Rau,9686362858,Bengaluru,4.84,2025-07-01,ACTIVE,2026-07-05 15:03:46
479,Finn Khosla,1825477549,Bengaluru,4.42,2025-01-31,ACTIVE,2026-07-02 19:02:46
480,Peter Garde,+912983751822,Bengaluru,3.6,2025-11-10,SUSPENDED,2026-07-06 23:24:46
481,Falguni Mani,01436063670,Bengaluru,4.87,2025-05-23,ACTIVE,2026-07-05 12:58:46
482,Aadi Chandra,+916430917698,Bengaluru,3.01,2023-11-26,ACTIVE,2026-06-28 19:41:46
483,Saumya Mangat,+910590190978,Bengaluru,4.91,2024-02-21,ACTIVE,2026-07-04 13:30:46
484,Mohammed Zacharia,04562319596,Bengaluru,4.55,2024-05-04,ACTIVE,2026-07-04 18:18:46
485,Eshana Batta,5810544468,Bengaluru,4.61,2025-05-30,ACTIVE,2026-07-06 22:32:46
486,Triya Sibal,5192132323,Bengaluru,3.7,2025-08-12,INACTIVE,2026-07-08 01:58:46
487,Raghav Nath,7702027117,Bengaluru,4.28,2023-08-25,ACTIVE,2026-07-08 21:04:46
488,Vasana Sabharwal,1632096354,Bengaluru,3.4,2026-03-14,ACTIVE,2026-06-30 20:05:46
489,Ojasvi Rana,+918050963350,Bengaluru,4.15,2023-08-19,ACTIVE,2026-07-08 12:12:46
490,Christopher Sampath,07519695064,Bengaluru,4.91,2025-04-04,ACTIVE,2026-07-07 07:36:46
491,Xalak Vyas,01716176890,Bengaluru,4.08,2024-01-04,ACTIVE,2026-07-01 03:26:46
492,Daksha Bath,6940735976,Bengaluru,3.99,2023-12-16,ACTIVE,2026-07-05 16:15:46
493,Charles Narula,08396906789,Bengaluru,3.55,2024-02-21,ACTIVE,2026-07-09 08:47:46
494,Daksha Walla,+914025030243,Bengaluru,3.1,2025-02-20,ACTIVE,2026-07-03 17:17:46
495,Eshana Dhar,+913786527284,Bengaluru,4.31,2025-02-03,INACTIVE,2026-07-05 02:52:46
496,Anika Tailor,+911206815512,Mumbai,3.64,2025-02-17,INACTIVE,2026-07-03 10:22:46
497,Chavvi Baria,1782713243,Bengaluru,11.0,2023-07-10,ACTIVE,2026-06-29 15:55:46
498,Aarna Chatterjee,+917852256297,Bengaluru,4.98,2024-09-09,SUSPENDED,2026-07-08 17:16:46
499,Qadim Deshmukh,5230134045,Mumbai,3.81,2023-12-08,SUSPENDED,2026-06-29 04:50:46
500,Unnati Zachariah,+917115622310,Mumbai,11.0,2023-11-27,SUSPENDED,2026-07-03 20:45:46
501,Fiyaz Dass,+917067106533,Mumbai,4.99,2026-01-06,ACTIVE,2026-07-08 02:46:46
502,Idika Setty,5261464413,Bengaluru,3.53,2025-05-17,SUSPENDED,2026-06-29 07:20:46
503,Sai Mandal,+917469117197,Mumbai,4.23,2025-05-03,ACTIVE,2026-06-30 20:49:46
504,Warda Kuruvilla,01382863076,Bengaluru,4.14,2024-12-22,SUSPENDED,2026-07-03 23:06:46
505,Jatin Chad,02468245774,Bengaluru,4.05,2026-01-09,ACTIVE,2026-07-06 17:50:46
506,Liam Ghose,08060487536,Bengaluru,3.36,2023-08-09,ACTIVE,2026-07-03 03:26:46
507,Nirja Hegde,1134636597,Bengaluru,4.73,2026-03-18,ACTIVE,2026-07-03 11:56:46
508,Jasmit Ramachandran,+913148197659,Bengaluru,3.71,2025-04-18,INACTIVE,2026-06-29 13:02:46
509,Wriddhish Tripathi,6546577079,Mumbai,3.79,2025-09-09,INACTIVE,2026-07-06 23:10:46
510,Chatresh Dutt,+915413374786,Bengaluru,3.01,2025-10-13,ACTIVE,2026-06-30 03:46:46
511,Brijesh Bhatti,+913162845128,Bengaluru,3.68,2024-11-24,ACTIVE,2026-07-08 21:03:46
512,Udarsh Dash,+911750645734,Bengaluru,3.12,2024-04-22,ACTIVE,2026-07-05 08:03:46
513,Pratyush Dutta,05296813454,Bengaluru,4.67,2025-10-13,ACTIVE,2026-07-07 01:29:46
514,Harish Natt,03950076547,Mumbai,3.58,2024-07-03,INACTIVE,2026-07-04 13:34:46
515,Chanchal Joshi,5879561090,Bengaluru,4.51,2026-01-09,SUSPENDED,2026-07-05 04:04:46
516,Divya Tank,+916893707357,Bengaluru,3.77,2023-07-09,SUSPENDED,2026-07-04 12:37:46
517,Brinda Devan,7934879234,Bengaluru,3.41,2025-03-18,INACTIVE,2026-07-03 02:46:46
518,Anthony Char,05392264159,Bengaluru,3.83,2024-02-23,ACTIVE,2026-06-29 20:50:46
519,Chavvi Krishnamurthy,6474854035,Bengaluru,4.87,2024-06-29,INACTIVE,2026-07-07 12:51:46
520,Rushil Sani,05044084235,Bengaluru,3.8,2024-01-06,ACTIVE,2026-07-06 02:45:46
521,Hema Dar,2641977458,Bengaluru,3.08,2025-09-19,INACTIVE,2026-07-02 12:14:46
522,Hemal Salvi,4827752349,Bengaluru,3.44,2023-12-09,INACTIVE,2026-07-08 08:43:46
523,Yug Koshy,+913832875750,Bengaluru,3.91,2024-05-02,ACTIVE,2026-07-02 13:44:46
524,Pavani Vasa,03050145172,Bengaluru,4.38,2025-09-13,INACTIVE,2026-07-08 19:10:46
525,Gopal Varughese,2624395717,Bengaluru,3.64,2024-12-14,SUSPENDED,2026-07-04 23:03:46
526,Sarthak Padmanabhan,+917733881739,Bengaluru,3.17,2023-12-11,SUSPENDED,2026-07-02 22:23:46
527,Mason Chaudry,+918551618046,Bengaluru,3.84,2025-06-27,INACTIVE,2026-07-02 22:03:46
528,Anamika Oommen,08037213596,Bengaluru,3.61,2024-04-26,ACTIVE,2026-07-01 17:48:46
529,Fitan Wadhwa,0920877944,Bengaluru,4.42,2023-08-23,ACTIVE,2026-07-01 16:44:46
530,Anika Wable,+914273332094,Bengaluru,4.33,2024-01-28,ACTIVE,2026-07-02 20:27:46
531,Odika Pathak,+916608179062,Bengaluru,3.65,2025-08-12,ACTIVE,2026-07-05 20:40:46
532,Parth Dhillon,6286441317,Bengaluru,3.91,2026-04-09,ACTIVE,2026-07-09 09:52:46
533,Guneet Vaidya,8283201535,Bengaluru,4.72,2024-06-27,ACTIVE,2026-06-30 00:08:46
534,Champak Sahota,+910177364328,Bengaluru,3.03,2026-06-01,INACTIVE,2026-07-05 17:33:46
535,Upma Ganesh,+915835137115,Bengaluru,4.35,2026-04-10,ACTIVE,2026-07-06 17:06:46
536,Champak Luthra,0796902566,Bengaluru,4.03,2023-10-20,ACTIVE,2026-07-09 02:05:46
537,Wriddhish Venkataraman,08626454917,Mumbai,4.32,2023-08-04,ACTIVE,2026-07-08 17:11:46
538,Ishaan Rana,07291503902,Bengaluru,3.08,2023-09-26,ACTIVE,2026-06-30 04:34:46
539,Udyati Naik,+913374776132,Bengaluru,4.12,2025-01-26,SUSPENDED,2026-07-06 10:28:46
540,Ikshita Sharaf,+910631797921,Bengaluru,4.33,2026-01-08,INACTIVE,2026-07-06 19:01:46
541,Oviya Rege,+918193753951,Bengaluru,3.45,2025-05-21,INACTIVE,2026-07-06 16:08:46
542,Zarna Narayanan,1590146928,Bengaluru,3.86,2024-12-22,ACTIVE,2026-07-07 17:20:46
543,Sara Dash,08324892844,Bengaluru,3.42,2026-01-04,ACTIVE,2026-07-04 23:57:46
544,Sanya Dugal,04739293723,Bengaluru,3.04,2024-12-06,ACTIVE,2026-07-02 06:24:46
545,Megha Mody,07625064285,Bengaluru,3.61,2026-06-02,ACTIVE,2026-07-02 06:30:46
546,Lakshmi Magar,+912578893225,Bengaluru,4.79,2026-06-01,ACTIVE,2026-07-08 20:41:46
547,Aarnav Sant,+911413148759,Bengaluru,7.5,2024-07-29,ACTIVE,2026-07-07 04:57:46
548,Ati Pal,0919002948,Bengaluru,3.9,2023-11-07,ACTIVE,2026-07-05 12:33:46
549,Reyansh Khurana,08570441658,Bengaluru,4.12,2024-10-12,ACTIVE,2026-06-30 02:50:46
550,Rushil Naik,04491301965,Bengaluru,3.07,2025-12-17,INACTIVE,2026-06-28 17:11:46
551,Rajata Nori,03288429182,Bengaluru,3.83,2023-08-25,ACTIVE,2026-07-04 09:37:46
552,Jhalak Varkey,7286972051,Mumbai,4.88,2023-08-06,ACTIVE,2026-07-07 07:13:46
553,Luke Bal,0224418262,Bengaluru,3.21,2025-10-28,ACTIVE,2026-06-30 22:12:46
554,Eiravati Gill,+917276224628,Bengaluru,3.65,2024-11-23,ACTIVE,2026-07-01 06:56:46
555,Netra Pingle,+918597188919,Bengaluru,4.9,2024-08-08,ACTIVE,2026-07-05 15:24:46
556,Max Narasimhan,06081126450,Bengaluru,4.07,2024-02-19,ACTIVE,2026-07-08 23:29:46
557,Jeet Prabhu,05277054581,Bengaluru,4.58,2024-11-08,ACTIVE,2026-07-07 10:26:46
558,Ira Wali,05889574214,Bengaluru,3.53,2026-03-11,SUSPENDED,2026-07-08 05:43:46
559,Robert Sani,+910848826881,Bengaluru,4.78,2024-02-01,ACTIVE,2026-07-05 19:30:46
560,Harshil Dewan,7903030326,Bengaluru,4.57,2025-10-11,ACTIVE,2026-07-07 19:58:46
561,Naksh Wable,9674035487,Bengaluru,4.97,2023-09-01,ACTIVE,2026-07-04 12:28:46
562,Rajata Date,9729985078,Bengaluru,4.52,2025-11-09,ACTIVE,2026-07-03 02:17:46
563,Aditya Nazareth,06590701711,Bengaluru,3.18,2025-12-10,ACTIVE,2026-07-04 11:06:46
564,Ekanta Kaul,07178879489,Bengaluru,3.4,2025-10-23,ACTIVE,2026-07-09 00:17:46
565,Vidhi Kalla,01618528633,Hyderabad,3.99,2024-06-17,ACTIVE,2026-07-05 19:16:46
566,Tristan Om,+916440086486,Bengaluru,4.69,2026-01-21,ACTIVE,2026-06-30 09:28:46
567,Omkaar Sinha,07460179528,Bengaluru,4.93,2023-08-20,ACTIVE,2026-07-05 13:32:46
568,Parth Kashyap,05991509556,Bengaluru,3.93,2026-01-22,INACTIVE,2026-07-02 18:29:46
569,Hamsini Narayanan,5422091785,Hyderabad,4.88,2024-06-14,SUSPENDED,2026-06-28 19:12:46
570,Aarnav Prakash,+916845480184,Bengaluru,3.14,2025-11-25,ACTIVE,2026-07-05 20:50:46
571,Elijah Raja,4056044050,Bengaluru,4.12,2025-12-28,ACTIVE,2026-07-02 17:29:46
572,Warjas Wadhwa,7195184512,Bengaluru,3.79,2023-11-07,INACTIVE,2026-07-03 13:05:46
573,Shivani Keer,+918485746989,Bengaluru,4.3,2024-05-13,SUSPENDED,2026-07-03 06:19:46
574,Aryan Yadav,0275266946,Mumbai,3.6,2024-05-03,INACTIVE,2026-07-02 20:00:46
575,George Deo,+914792009550,Bengaluru,3.91,2023-10-10,ACTIVE,2026-07-03 00:40:46
576,Adya Khalsa,+919173131331,Bengaluru,3.07,2025-05-21,INACTIVE,2026-07-02 17:45:46
577,Ekta Saran,07267256728,Bengaluru,4.61,2023-12-13,INACTIVE,2026-07-07 03:02:46
578,Sneha Tak,+911352196776,Bengaluru,3.67,2026-06-08,ACTIVE,2026-06-30 03:00:46
579,Pallavi Taneja,+917481982553,Bengaluru,4.0,2026-01-19,SUSPENDED,2026-07-06 09:54:46
580,Yug Sehgal,6876823355,Bengaluru,7.5,2023-10-18,ACTIVE,2026-07-01 20:28:46
581,Damini Dalal,02770619086,Hyderabad,4.31,2024-04-25,SUSPENDED,2026-06-29 03:11:46
582,Jonathan Jain,06535938430,Bengaluru,4.86,2024-07-30,SUSPENDED,2026-06-30 04:51:46
583,Xiti Bhardwaj,+914091068675,Bengaluru,3.53,2023-08-03,INACTIVE,2026-06-30 18:16:46
584,Lohit Banik,+917594870455,Bengaluru,4.81,2023-08-06,ACTIVE,2026-07-08 18:12:46
585,Elijah Sathe,+918617114061,Bengaluru,4.11,2025-10-11,SUSPENDED,2026-07-02 13:59:46
586,Meghana Kant,+915908699280,Bengaluru,-1.0,2023-11-13,SUSPENDED,2026-06-29 23:17:46
587,Viraj Kara,+915560562873,Bengaluru,5.0,2024-10-23,ACTIVE,2026-06-29 08:01:46
588,Samaksh Nayar,03734056936,Bengaluru,4.55,2025-12-05,INACTIVE,2026-06-29 12:28:46
589,Faraj Chand,+911481701903,Bengaluru,4.9,2023-09-04,ACTIVE,2026-07-05 05:09:46
590,Utkarsh Salvi,03452572748,Bengaluru,4.67,2025-07-02,SUSPENDED,2026-07-04 11:07:46
591,Chasmum Kamdar,3749998508,Bengaluru,4.03,2024-01-21,SUSPENDED,2026-07-06 18:00:46
592,Isaac Kapadia,2027208456,Bengaluru,4.82,2024-05-22,ACTIVE,2026-07-05 05:22:46
593,Aarnav Lad,3526455520,Bengaluru,4.89,2025-08-31,INACTIVE,2026-07-03 11:36:46
594,Waida Agate,3177372187,Bengaluru,3.52,2025-11-26,INACTIVE,2026-07-05 12:06:46
595,Abdul Nagarajan,+919839968103,Bengaluru,4.85,2025-12-16,INACTIVE,2026-06-29 09:30:46
596,Faqid D’Alia,+917513964346,Bengaluru,4.78,2025-12-16,SUSPENDED,2026-07-01 17:44:46
597,Omaja Kaur,06616822242,Bengaluru,4.7,2026-03-29,INACTIVE,2026-07-03 16:21:46
598,Shaurya Tak,2332261755,Bengaluru,3.79,2026-04-23,ACTIVE,2026-07-02 15:17:46
599,Theodore Bhatt,8001999115,Bengaluru,4.06,2024-07-16,SUSPENDED,2026-07-04 07:04:46
600,Harini Prasad,6968828043,Bengaluru,4.77,2024-06-09,SUSPENDED,2026-06-29 01:26:46
601,Mitali Sarraf,+916731766446,Bengaluru,4.62,2024-08-21,ACTIVE,2026-06-28 15:35:46
602,Caleb Sekhon,05807284417,Bengaluru,3.24,2025-07-29,INACTIVE,2026-07-02 23:28:46
603,Ekavir Garg,07578485692,Bengaluru,3.67,2025-06-20,SUSPENDED,2026-07-01 01:37:46
604,Gabriel Peri,02555679022,Bengaluru,4.85,2024-05-24,ACTIVE,2026-07-03 12:47:46
605,Umang Ratta,06297998099,Bengaluru,3.01,2024-07-09,INACTIVE,2026-07-03 08:43:46
606,Balendra Dhar,9914567468,Bengaluru,4.46,2025-01-31,ACTIVE,2026-07-05 17:25:46
607,Anya Varty,+913742781371,Bengaluru,4.51,2025-04-12,INACTIVE,2026-07-05 10:38:46
608,Ekavir Dalal,+915737175427,Bengaluru,4.41,2024-01-21,ACTIVE,2026-06-29 19:27:46
609,Nihal Jaggi,7923747016,Bengaluru,4.02,2024-08-21,ACTIVE,2026-07-03 17:43:46
610,Yashodhara Mane,+914904232989,Bengaluru,4.95,2025-06-22,SUSPENDED,2026-07-08 11:26:46
611,Upma Andra,+913854405713,Bengaluru,4.91,2025-03-03,ACTIVE,2026-07-02 06:47:46
612,Shivani Dugal,01238372157,Bengaluru,3.12,2024-11-23,ACTIVE,2026-07-08 21:27:46
613,Pratyush Grewal,+914609711162,Bengaluru,3.94,2024-06-19,ACTIVE,2026-07-03 22:43:46
614,Vedant Keer,+915116851082,Bengaluru,3.46,2025-10-23,SUSPENDED,2026-06-30 17:18:46
615,Urvi Sehgal,01511615034,Bengaluru,3.45,2026-01-18,INACTIVE,2026-07-04 12:39:46
616,Gaurangi Pandit,+917397133209,Bengaluru,3.55,2024-02-02,INACTIVE,2026-06-30 20:53:46
617,Advaith Brahmbhatt,+914943115389,Bengaluru,3.45,2023-07-18,SUSPENDED,2026-07-03 18:03:46
618,Rohan Sama,8011320114,Bengaluru,3.14,2024-08-01,INACTIVE,2026-06-28 16:40:46
619,Mohini Parikh,00931970567,Bengaluru,3.91,2025-12-21,INACTIVE,2026-07-07 05:31:46
620,Pallavi Golla,+919597020845,Bengaluru,3.39,2025-10-15,INACTIVE,2026-07-05 16:32:46
621,Unni Chanda,01428083673,Bengaluru,3.39,2025-01-11,ACTIVE,2026-07-08 15:33:46
622,Zehaan Deshpande,05341990045,Bengaluru,-1.0,2026-02-21,ACTIVE,2026-06-28 15:32:46
623,Adya Misra,+916531791138,Bengaluru,4.26,2024-08-10,ACTIVE,2026-06-29 18:59:46
624,Chasmum Suresh,08670854070,Bengaluru,4.98,2025-08-04,ACTIVE,2026-07-04 01:22:46
625,Aarnav Nagy,03190887532,Bengaluru,3.06,2023-11-21,ACTIVE,2026-07-07 03:30:46
626,Azaan Prakash,6919800678,Bengaluru,4.77,2023-08-05,ACTIVE,2026-07-03 23:22:46
627,Chaitanya Pai,+911823147652,Bengaluru,4.64,2024-04-17,SUSPENDED,2026-07-04 22:55:46
628,Abhimanyu Dani,+918971995252,Bengaluru,3.42,2025-06-28,ACTIVE,2026-07-04 22:52:46
629,Tarak Dhar,+911986571528,Bengaluru,4.55,2024-02-16,INACTIVE,2026-07-07 11:19:46
630,Eta Kumer,4379464832,Bengaluru,3.22,2024-03-10,ACTIVE,2026-07-09 12:50:46
631,Veda Patla,6147044111,Bengaluru,4.56,2025-08-02,ACTIVE,2026-07-04 04:40:46
632,Ekani Bava,9673892172,Bengaluru,4.12,2026-05-03,ACTIVE,2026-07-06 08:22:46
633,Brinda Contractor,8772680560,Bengaluru,3.71,2024-08-10,ACTIVE,2026-07-06 00:50:46
634,Kala Dutt,03471294483,Mumbai,4.14,2024-08-07,ACTIVE,2026-06-29 15:33:46
635,Nirja Pingle,08194768871,Bengaluru,3.11,2023-09-29,ACTIVE,2026-06-28 23:35:46
636,Elijah Dhingra,0743050954,Bengaluru,4.76,2026-01-31,INACTIVE,2026-06-30 03:15:46
637,Hemang Chaudhary,04188173540,Bengaluru,4.4,2026-01-27,INACTIVE,2026-06-29 15:27:46
638,Ekapad Kala,06495858530,Bengaluru,3.45,2025-11-19,ACTIVE,2026-07-06 15:17:46
639,Waida Borra,+915870393058,Bengaluru,3.93,2025-09-14,ACTIVE,2026-06-30 18:43:46
640,Kalpit Pingle,+915387825157,Bengaluru,4.84,2024-05-14,ACTIVE,2026-07-02 11:31:46
641,Vasana Yohannan,+910075192565,Bengaluru,4.95,2023-10-24,SUSPENDED,2026-07-06 19:47:46
642,Ria Sharma,4872328816,Mumbai,3.65,2025-05-10,ACTIVE,2026-07-08 14:44:46
643,Daniel Reddy,+910824861766,Bengaluru,4.3,2024-11-27,SUSPENDED,2026-06-29 22:15:46
644,Avni Bhat,3285350552,Mumbai,4.41,2024-10-17,INACTIVE,2026-06-29 14:44:46
645,Tanish Nadkarni,8147654379,Mumbai,4.49,2025-11-20,ACTIVE,2026-07-07 16:38:46
646,Pushti Sama,+914172529253,Hyderabad,4.47,2024-07-06,ACTIVE,2026-06-30 22:57:46
647,Qadim Sheth,+919411769871,Bengaluru,4.36,2025-01-25,ACTIVE,2026-07-08 04:02:46
648,Kashvi Dada,1161545840,Bengaluru,3.61,2024-05-30,SUSPENDED,2026-06-30 04:30:46
649,Dhruv Upadhyay,+915726023549,Bengaluru,3.38,2024-08-29,SUSPENDED,2026-07-05 22:55:46
650,Rajata Devi,09287431469,Bengaluru,3.91,2025-12-29,ACTIVE,2026-07-09 13:34:46
651,Aradhana Barman,+913285012783,Bengaluru,4.46,2025-02-12,INACTIVE,2026-07-09 09:40:46
652,Yauvani Mody,+910332081875,Bengaluru,4.89,2023-12-31,ACTIVE,2026-07-04 14:59:46
653,Ekaja Raman,8068806950,Bengaluru,3.76,2024-09-22,INACTIVE,2026-06-30 05:02:46
654,Kritika Bhagat,3802298060,Bengaluru,11.0,2024-03-20,ACTIVE,2026-07-01 03:21:46
655,Isaiah Sarin,2067037131,Bengaluru,7.5,2025-03-30,SUSPENDED,2026-07-07 12:17:46
656,Ubika Kanda,+917267916947,Bengaluru,4.65,2026-06-03,ACTIVE,2026-07-01 11:50:46
657,Mekhala Pillay,9893470125,Hyderabad,3.32,2025-10-10,ACTIVE,2026-07-02 22:35:46
658,Vedika Sha,04689300379,Bengaluru,4.55,2023-12-07,ACTIVE,2026-07-08 17:03:46
659,Gaurang Bansal,3125690858,Hyderabad,3.86,2023-12-27,INACTIVE,2026-06-29 18:09:46
660,Turvi Grover,02171875519,Bengaluru,4.38,2023-11-29,ACTIVE,2026-07-05 15:14:46
661,Janani Sibal,+917272359837,Bengaluru,4.38,2025-04-13,SUSPENDED,2026-07-06 19:15:46
662,Widisha Ramanathan,+916637675703,Bengaluru,4.2,2024-12-31,ACTIVE,2026-07-07 22:19:46
663,Bhavya Gandhi,+911135218204,Bengaluru,3.15,2025-09-09,INACTIVE,2026-06-28 22:35:46
664,Owen Mohan,+917839118091,Bengaluru,4.76,2025-11-07,ACTIVE,2026-07-05 05:54:46
665,Dayamai Golla,8262121860,Bengaluru,3.82,2024-09-20,ACTIVE,2026-07-02 04:59:46
666,Yasti Bail,4196471822,Bengaluru,4.66,2025-07-19,ACTIVE,2026-07-06 03:37:46
667,Advay Munshi,5802310023,Bengaluru,3.67,2024-08-21,ACTIVE,2026-07-06 17:37:46
668,Jatin Kala,05187257178,Bengaluru,4.17,2023-10-29,ACTIVE,2026-07-02 11:26:46
669,Warda Bhattacharyya,+919822351335,Hyderabad,4.97,2026-02-16,SUSPENDED,2026-07-06 14:15:46
670,Ekta Bir,09515485369,Bengaluru,3.59,2026-01-01,ACTIVE,2026-06-30 16:08:46
671,Logan Kar,00284150787,Bengaluru,3.28,2025-11-22,ACTIVE,2026-07-06 22:37:46
672,Yashvi Dugal,09473237950,Bengaluru,3.22,2024-08-29,INACTIVE,2026-07-09 07:38:46
673,Abhiram Chowdhury,8774889712,Bengaluru,3.39,2025-08-20,ACTIVE,2026-07-05 18:22:46
674,Daksha Lalla,1601430837,Bengaluru,3.94,2025-03-12,INACTIVE,2026-07-04 08:01:46
675,Oliver Vora,6978883472,Bengaluru,3.06,2024-12-17,INACTIVE,2026-06-30 16:48:46
676,Faras Uppal,9280746357,Bengaluru,3.19,2023-10-12,ACTIVE,2026-07-06 01:51:46
677,Bhavika Kumer,02049624865,Bengaluru,3.12,2025-10-09,INACTIVE,2026-07-02 07:20:46
678,Hiral Anne,+911046113835,Bengaluru,3.68,2025-10-04,INACTIVE,2026-07-05 20:40:46
679,Benjamin Chada,3532579221,Bengaluru,4.74,2024-07-16,ACTIVE,2026-07-02 23:16:46
680,Fariq Atwal,0172425589,Bengaluru,3.48,2023-09-28,ACTIVE,2026-07-08 00:03:46
681,Yasti Lad,04651298149,Bengaluru,3.94,2025-02-01,ACTIVE,2026-07-01 18:59:46
682,Dev Cherian,04996572897,Bengaluru,3.2,2024-09-19,ACTIVE,2026-07-02 00:03:46
683,Anvi Gour,1803250854,Bengaluru,11.0,2024-10-22,INACTIVE,2026-06-28 16:17:46
684,Ekalinga Krish,+918094792185,Bengaluru,4.07,2023-11-27,SUSPENDED,2026-07-06 18:56:46
685,Jason Chauhan,0973941617,Bengaluru,3.29,2023-09-19,ACTIVE,2026-06-28 19:08:46
686,Janya Kant,+910916247367,Bengaluru,-1.0,2024-06-02,INACTIVE,2026-07-06 14:01:46
687,Orinder Bhat,09839978844,Bengaluru,3.88,2024-06-09,ACTIVE,2026-06-30 09:15:46
688,Tanvi Ahluwalia,08238899078,Bengaluru,3.8,2025-06-18,INACTIVE,2026-07-06 12:49:46
689,Zaitra Anand,+916146545374,Bengaluru,3.75,2025-06-28,SUSPENDED,2026-07-06 08:26:46
690,Deepa Prabhu,8524681527,Bengaluru,3.94,2026-01-26,ACTIVE,2026-07-04 13:53:46
691,Reva Palla,07668525200,Hyderabad,3.36,2024-05-15,ACTIVE,2026-07-07 07:27:46
692,Harini Goel,7726335054,Hyderabad,4.67,2023-08-15,INACTIVE,2026-07-01 21:44:46
693,Chaaya Lalla,+916200830146,Bengaluru,4.42,2026-03-18,ACTIVE,2026-07-05 02:10:46
694,Faras Kari,2233108133,Bengaluru,4.82,2024-04-04,ACTIVE,2026-07-09 10:05:46
695,Gagan Mangal,+911221694108,Mumbai,3.85,2024-09-26,ACTIVE,2026-06-29 18:05:46
696,Brijesh Barad,+918283643122,Bengaluru,4.72,2023-09-07,INACTIVE,2026-07-08 13:52:46
697,Aarini Dutt,0340757029,Bengaluru,4.83,2025-01-20,ACTIVE,2026-07-08 05:31:46
698,Omisha Varty,07038763560,Bengaluru,4.93,2024-06-16,SUSPENDED,2026-07-03 05:28:46
699,Tanveer Shan,+918218316729,Bengaluru,4.33,2025-08-20,INACTIVE,2026-07-05 23:37:46
700,Hiral Chowdhury,+919264289992,Bengaluru,4.06,2024-02-18,SUSPENDED,2026-07-01 08:52:46
701,Ranveer Chand,09474614005,Bengaluru,3.15,2025-10-15,ACTIVE,2026-07-04 19:04:46
702,Baghyawati Sahota,1189185832,Bengaluru,3.82,2024-04-09,ACTIVE,2026-07-08 19:36:46
703,Omya Dhar,5826601600,Bengaluru,3.94,2024-01-04,INACTIVE,2026-07-02 04:36:46
704,Rachit Contractor,09858308133,Mumbai,4.52,2025-03-28,ACTIVE,2026-07-06 02:14:46
705,George Srinivas,5092119880,Bengaluru,4.92,2025-03-10,ACTIVE,2026-07-06 03:32:46
706,Wridesh Zacharia,5409746488,Bengaluru,4.42,2025-02-16,ACTIVE,2026-07-07 07:39:46
707,Meera Chana,02168946060,Bengaluru,3.43,2024-05-14,ACTIVE,2026-07-02 19:53:46
708,Vihaan Babu,3245101159,Bengaluru,4.29,2023-10-21,ACTIVE,2026-06-29 21:57:46
709,Ayush Banerjee,+915520108698,Bengaluru,3.69,2025-04-18,INACTIVE,2026-07-08 17:36:46
710,Ikshita Kalita,02576791319,Bengaluru,4.56,2024-09-15,ACTIVE,2026-06-30 19:06:46
711,Vanya Pathak,7977309430,Bengaluru,4.27,2025-03-23,ACTIVE,2026-07-04 19:03:46
712,Adweta Salvi,8285682895,Bengaluru,3.33,2024-05-10,SUSPENDED,2026-07-09 08:22:46
713,Gaurika Sachdev,5083297012,Bengaluru,3.03,2025-02-18,ACTIVE,2026-07-08 14:26:46
714,Radhika Pathak,+919439335089,Bengaluru,3.35,2023-12-18,ACTIVE,2026-07-07 06:22:46
715,Oviya Natarajan,+915687535235,Bengaluru,4.42,2025-08-11,ACTIVE,2026-07-08 13:07:46
716,Xalak Dalal,03071796871,Bengaluru,3.3,2023-12-19,ACTIVE,2026-07-05 01:32:46
717,Zilmil Ganesh,0634752245,Bengaluru,3.96,2024-12-12,ACTIVE,2026-07-05 10:03:46
718,Anirudh Khanna,+914513930763,Bengaluru,3.18,2024-04-15,ACTIVE,2026-07-04 04:47:46
719,Sachi Kibe,09921421702,Hyderabad,3.98,2025-06-04,ACTIVE,2026-07-06 16:52:46
720,Aachal Halder,07983805007,Bengaluru,3.77,2023-12-20,ACTIVE,2026-07-02 12:15:46
721,Peter Sankar,+910439975514,Mumbai,4.17,2024-12-20,ACTIVE,2026-06-30 12:27:46
722,Darpan Vala,3095321947,Bengaluru,4.33,2025-07-06,ACTIVE,2026-06-30 09:13:46
723,Aditya Chowdhury,07455986476,Hyderabad,4.68,2024-06-30,INACTIVE,2026-06-30 21:58:46
724,Gayathri Bhatia,04330242571,Bengaluru,4.45,2024-11-18,SUSPENDED,2026-07-05 08:39:46
725,Vrishti De,04682884108,Bengaluru,4.44,2023-11-30,ACTIVE,2026-07-06 05:37:46
726,Sara Badal,+912038482387,Bengaluru,4.8,2023-07-14,INACTIVE,2026-07-03 16:34:46
727,Balhaar Sunder,1688583261,Mumbai,4.36,2024-03-04,ACTIVE,2026-06-30 16:00:46
728,Ekaja Loyal,06083058905,Bengaluru,3.11,2025-12-13,ACTIVE,2026-07-03 23:04:46
729,Lakshmi Mital,0528764466,Mumbai,3.3,2026-02-21,ACTIVE,2026-07-06 05:12:46
730,Mohammed Oza,+918126046914,Mumbai,4.57,2024-05-23,SUSPENDED,2026-07-05 13:13:46
731,Edhitha Balakrishnan,+913522372495,Bengaluru,4.32,2024-11-15,ACTIVE,2026-07-04 17:47:46
732,Aradhana Chacko,07846503790,Bengaluru,3.44,2025-08-17,INACTIVE,2026-07-03 21:51:46
733,Sanaya Sha,7513735044,Bengaluru,4.56,2025-03-07,ACTIVE,2026-07-08 01:14:46
734,Vaishnavi Memon,+919059262536,Bengaluru,4.27,2024-03-30,SUSPENDED,2026-07-07 12:50:46
735,Bhanumati Wable,+910016472263,Bengaluru,4.37,2025-01-23,INACTIVE,2026-07-01 13:10:46
736,Ekavir Salvi,2792042220,Bengaluru,3.79,2023-10-21,ACTIVE,2026-07-04 18:11:46
737,Arin Chokshi,4550419459,Bengaluru,4.06,2024-12-01,SUSPENDED,2026-06-30 02:09:46
738,Maya Patla,+913697742731,Bengaluru,3.48,2025-03-22,ACTIVE,2026-07-08 07:50:46
739,Pahal Parsa,02862058450,Bengaluru,4.94,2024-03-06,INACTIVE,2026-07-02 08:08:46
740,Damyanti Shankar,00505712978,Bengaluru,4.21,2024-03-14,ACTIVE,2026-07-06 16:07:46
741,Warda Murthy,09775936601,Hyderabad,4.83,2025-02-20,ACTIVE,2026-07-06 15:03:46
742,Rachita Bandi,4819356076,Hyderabad,4.03,2026-02-24,ACTIVE,2026-07-04 09:33:46
743,Robert Dugal,3977857767,Bengaluru,4.49,2026-03-08,INACTIVE,2026-07-09 14:24:46
744,Peter Khare,+916999549357,Bengaluru,3.46,2026-01-03,SUSPENDED,2026-07-09 13:59:46
745,Ati Karpe,+914081367667,Bengaluru,3.46,2024-07-23,ACTIVE,2026-07-03 19:57:46
746,Oni Mani,05263021888,Bengaluru,3.79,2024-10-16,INACTIVE,2026-06-28 20:31:46
747,Lavanya Tata,+914188720594,Bengaluru,4.82,2024-04-20,ACTIVE,2026-07-07 06:03:46
748,Charles Nair,4953630918,Bengaluru,4.01,2025-12-26,ACTIVE,2026-07-07 07:45:46
749,Pallavi Anand,6996536920,Bengaluru,4.43,2026-03-03,ACTIVE,2026-07-04 10:25:46
750,Nitara Deep,03434101445,Bengaluru,4.88,2025-10-07,SUSPENDED,2026-07-02 04:49:46
751,Sneha Mani,+915155824069,Bengaluru,4.57,2025-08-20,ACTIVE,2026-07-04 08:15:46
752,Krish Bava,05142126601,Bengaluru,3.2,2025-01-05,ACTIVE,2026-07-06 04:15:46
753,Sudiksha Mutti,8764698555,Bengaluru,4.23,2025-05-11,INACTIVE,2026-06-29 03:00:46
754,Shivansh Butala,03734199319,Bengaluru,4.6,2025-08-02,SUSPENDED,2026-07-02 04:22:46
755,Wriddhish Kant,03845467377,Bengaluru,3.69,2023-11-27,SUSPENDED,2026-07-07 19:42:46
756,Rohan Mitra,7903867474,Bengaluru,5.0,2024-09-22,INACTIVE,2026-07-03 14:23:46
757,Zaid Tak,01811917761,Bengaluru,4.91,2026-02-11,SUSPENDED,2026-07-03 17:35:46
758,Samesh Yadav,1714780890,Bengaluru,4.73,2024-06-30,INACTIVE,2026-06-29 20:52:46
759,Sara Dutt,+911891399015,Bengaluru,3.05,2024-03-19,SUSPENDED,2026-07-04 22:29:46
760,Theodore Bala,+912285757808,Hyderabad,4.49,2024-08-05,ACTIVE,2026-07-06 03:23:46
761,Gavin Bhandari,+912627218591,Bengaluru,4.88,2023-11-16,ACTIVE,2026-07-03 08:59:46
762,Vasudha Din,8156087260,Bengaluru,3.6,2024-08-08,INACTIVE,2026-06-30 23:19:46
763,Azad Kumer,+918224353168,Hyderabad,4.34,2023-12-19,ACTIVE,2026-07-07 14:21:46
764,Bhanumati Mannan,+916849041290,Bengaluru,4.3,2024-09-21,SUSPENDED,2026-07-04 13:20:46
765,Pushti Dalal,08416817062,Bengaluru,3.11,2024-05-04,SUSPENDED,2026-07-02 10:44:46
766,Mitali Bir,08156636026,Bengaluru,3.43,2026-02-06,ACTIVE,2026-07-03 10:41:46
767,Ekta Batra,+914024281521,Bengaluru,4.38,2024-10-26,ACTIVE,2026-06-30 18:50:46
768,Nikita Sunder,8704794388,Bengaluru,3.11,2023-09-15,ACTIVE,2026-07-01 07:05:46
769,Azad Sandal,+912526061788,Bengaluru,4.03,2024-01-04,SUSPENDED,2026-07-07 15:50:46
770,Chakradev Dada,5371224786,Bengaluru,4.42,2026-04-17,INACTIVE,2026-07-01 13:48:46
771,Yashawini Pradhan,02512728781,Bengaluru,4.89,2024-12-08,ACTIVE,2026-06-30 17:53:46
772,Tanay Sarin,1283388692,Hyderabad,3.28,2026-02-25,ACTIVE,2026-07-02 16:04:46
773,Meghana Kohli,06097886019,Bengaluru,4.99,2025-06-14,SUSPENDED,2026-07-03 06:00:46
774,Neha Seth,00616535214,Bengaluru,3.32,2024-11-13,ACTIVE,2026-06-30 05:12:46
775,Yashawini Hayer,09092726090,Bengaluru,4.01,2024-09-09,INACTIVE,2026-06-29 23:49:46
776,Rachit Tripathi,4105156551,Bengaluru,4.89,2024-04-14,SUSPENDED,2026-07-01 10:47:46
777,Aahana Ghosh,+915905971819,Bengaluru,3.34,2025-04-30,INACTIVE,2026-07-08 03:33:46
778,Oviya Shetty,02929032459,Mumbai,3.85,2023-11-19,ACTIVE,2026-07-01 20:44:46
779,Aashi Shanker,09462236822,Bengaluru,3.01,2024-04-07,SUSPENDED,2026-06-28 16:21:46
780,Agastya Batta,9768175028,Bengaluru,4.36,2025-01-16,SUSPENDED,2026-06-28 17:32:46
781,Hritik Divan,05719365764,Bengaluru,4.47,2024-11-30,ACTIVE,2026-06-29 02:29:46
782,Hardik Krishnan,1906696771,Bengaluru,3.65,2025-12-18,ACTIVE,2026-06-30 21:54:46
783,Anirudh Nayar,03216130363,Bengaluru,4.3,2026-01-25,ACTIVE,2026-06-30 04:28:46
784,Matthew Apte,4347626924,Bengaluru,3.96,2026-04-11,ACTIVE,2026-07-03 21:45:46
785,Raksha Thakur,3648202590,Bengaluru,4.58,2024-07-02,ACTIVE,2026-07-05 02:40:46
786,Upasna Banik,01221431883,Bengaluru,4.22,2025-04-05,ACTIVE,2026-07-03 12:56:46
787,Eiravati Bhasin,03195675993,Bengaluru,4.62,2024-10-23,ACTIVE,2026-07-05 00:09:46
788,Mohini Oza,7871571472,Bengaluru,4.88,2025-04-22,ACTIVE,2026-07-08 15:28:46
789,Mugdha Srinivasan,06152477770,Bengaluru,3.28,2024-06-25,INACTIVE,2026-07-05 11:33:46
790,Nidhi Sharaf,08880469870,Bengaluru,4.94,2023-09-08,ACTIVE,2026-06-30 21:20:46
791,Mason Chawla,4867472710,Bengaluru,4.95,2025-04-26,ACTIVE,2026-07-08 15:48:46
792,Udant Anne,00575119194,Bengaluru,4.72,2025-10-26,ACTIVE,2026-06-30 11:00:46
793,Ekalinga Saxena,01741353466,Bengaluru,3.08,2026-03-27,ACTIVE,2026-07-03 16:35:46
794,Banjeet Datta,1365408558,Bengaluru,4.26,2025-04-05,ACTIVE,2026-07-05 19:57:46
795,Jhalak Padmanabhan,+919752785852,Bengaluru,4.34,2025-05-05,INACTIVE,2026-07-04 02:53:46
796,Anamika Peri,2965381339,Bengaluru,3.51,2025-03-14,ACTIVE,2026-07-07 10:29:46
797,Logan Chana,0463855810,Bengaluru,3.7,2025-02-25,SUSPENDED,2026-06-29 17:22:46
798,Alexander Ray,6984053597,Hyderabad,3.07,2025-04-27,ACTIVE,2026-07-02 00:23:46
799,Ansh Solanki,04699549660,Hyderabad,3.05,2024-01-03,ACTIVE,2026-07-08 21:46:46
800,Agastya Saxena,07740107075,Bengaluru,3.28,2025-07-13,ACTIVE,2026-06-30 16:47:46
801,Zaitra Kapadia,4361416433,Bengaluru,4.88,2023-08-25,ACTIVE,2026-06-30 02:33:46
802,Anvi Singh,+910907986118,Bengaluru,4.33,2023-11-02,SUSPENDED,2026-06-30 09:59:46
803,Eta Tandon,09217002667,Bengaluru,4.79,2024-01-28,SUSPENDED,2026-07-08 20:35:46
804,Priya Narayanan,+910229084180,Bengaluru,3.65,2024-12-05,SUSPENDED,2026-07-04 09:43:46
805,Kritika Ganesh,1367171255,Bengaluru,4.72,2024-06-17,ACTIVE,2026-07-02 14:10:46
806,Alka Dasgupta,7337131230,Bengaluru,3.86,2024-01-14,ACTIVE,2026-06-29 22:52:46
807,Logan Loke,6068349078,Bengaluru,11.0,2023-12-26,INACTIVE,2026-07-05 11:41:46
808,Hemangini Puri,+912486827276,Bengaluru,4.74,2024-09-27,ACTIVE,2026-07-01 18:56:46
809,Radha Kala,+914634486573,Bengaluru,3.2,2024-11-20,ACTIVE,2026-06-29 07:02:46
810,Chaaya Dutt,00788834863,Bengaluru,4.56,2023-10-18,SUSPENDED,2026-07-01 01:30:46
811,Nitara Palan,02871964328,Mumbai,4.14,2025-04-18,ACTIVE,2026-07-02 17:35:46
812,Karan Mishra,01488052565,Bengaluru,3.95,2025-11-19,ACTIVE,2026-07-08 19:24:46
813,Madhavi Hans,+915575077873,Bengaluru,4.08,2023-08-10,INACTIVE,2026-07-06 06:27:46
814,Jeremiah Warrior,+917865366586,Bengaluru,4.01,2025-01-25,ACTIVE,2026-07-09 08:50:46
815,Triya Varughese,+915858793679,Bengaluru,4.2,2026-04-23,ACTIVE,2026-07-03 20:08:46
816,Xavier Kaur,04498003893,Bengaluru,4.91,2024-11-01,SUSPENDED,2026-07-05 05:09:46
817,Qadim Toor,+916123561459,Bengaluru,3.33,2024-04-20,ACTIVE,2026-07-05 06:21:46
818,Prisha Karpe,4332088287,Bengaluru,3.12,2024-06-06,ACTIVE,2026-06-29 02:45:46
819,Shivansh Radhakrishnan,+918356138573,Bengaluru,4.25,2025-10-11,INACTIVE,2026-07-02 04:36:46
820,Pranit Suri,02430069366,Mumbai,3.12,2024-08-13,SUSPENDED,2026-07-06 07:09:46
821,Vanya Subramanian,+912015546568,Bengaluru,4.04,2024-06-16,ACTIVE,2026-07-06 23:49:46
822,Ekavir Sabharwal,4633032688,Bengaluru,3.99,2025-02-01,SUSPENDED,2026-07-01 20:58:46
823,Avi Kannan,9760222286,Bengaluru,3.32,2025-06-12,ACTIVE,2026-07-06 23:42:46
824,Samarth Dewan,07509054621,Bengaluru,3.57,2025-04-18,ACTIVE,2026-07-04 14:59:46
825,Michael Balasubramanian,+915332872028,Bengaluru,3.41,2025-05-16,ACTIVE,2026-06-29 17:35:46
826,Rajeshri Natarajan,+912434402624,Hyderabad,3.72,2024-08-27,ACTIVE,2026-07-04 08:41:46
827,Xiti Bail,8813644207,Hyderabad,3.38,2024-12-09,ACTIVE,2026-07-03 15:06:46
828,Kalpit Suresh,4118647361,Bengaluru,4.11,2025-01-05,ACTIVE,2026-07-05 18:12:46
829,Udyati Baral,09180166287,Hyderabad,4.37,2026-01-15,ACTIVE,2026-07-05 13:52:46
830,Ekantika Rout,+911999648462,Bengaluru,3.18,2026-01-30,SUSPENDED,2026-07-03 03:22:46
831,Imaran Saini,8550969863,Bengaluru,4.42,2025-08-30,SUSPENDED,2026-07-06 09:22:46
832,Raagini Halder,2952588360,Bengaluru,4.66,2025-04-19,SUSPENDED,2026-07-01 04:36:46
833,Yatin Raghavan,2305856965,Bengaluru,4.93,2024-09-24,SUSPENDED,2026-07-03 11:26:46
834,Bhavani Swaminathan,07403705119,Bengaluru,4.49,2025-10-07,ACTIVE,2026-06-29 15:18:46
835,Chatura Agarwal,+910548136714,Mumbai,4.99,2025-07-05,ACTIVE,2026-07-03 15:56:46
836,Abeer Bhandari,7855391429,Bengaluru,4.1,2024-06-04,SUSPENDED,2026-07-07 10:09:46
837,Triveni Oommen,05742549442,Bengaluru,3.3,2023-10-29,ACTIVE,2026-07-04 22:43:46
838,Chasmum Nagarajan,+918197404978,Bengaluru,4.15,2025-01-30,SUSPENDED,2026-07-08 16:16:46
839,Chameli Mangal,1521439653,Bengaluru,3.47,2025-01-31,ACTIVE,2026-07-04 07:30:46
840,Aditya Balan,+918603759087,Bengaluru,3.19,2024-06-08,ACTIVE,2026-07-02 14:05:46
841,Tanvi Gade,+917518361235,Bengaluru,4.95,2025-06-08,SUSPENDED,2026-07-06 13:41:46
842,Gautami Natarajan,+916183945896,Bengaluru,4.85,2024-02-20,ACTIVE,2026-07-08 04:38:46
843,Hamsini Nagar,5636165538,Bengaluru,3.16,2023-12-11,INACTIVE,2026-07-05 18:10:46
844,Balveer Garde,04441586788,Bengaluru,3.34,2025-11-30,SUSPENDED,2026-07-03 09:42:46
845,Advay Srivastava,8895123211,Bengaluru,3.09,2024-09-22,ACTIVE,2026-07-04 23:17:46
846,Banjeet Sagar,+919138749064,Bengaluru,3.67,2026-05-29,SUSPENDED,2026-07-03 10:05:46
847,Alka Dewan,6535071460,Bengaluru,4.34,2025-04-06,ACTIVE,2026-07-02 14:35:46
848,Rachita Nadkarni,3751335084,Bengaluru,3.45,2026-03-02,ACTIVE,2026-06-30 18:01:46
849,Nathan Chaudhary,+914596681203,Bengaluru,4.99,2026-02-20,ACTIVE,2026-07-06 13:54:46
850,Yadavi Agate,04069957635,Bengaluru,3.83,2023-11-27,ACTIVE,2026-07-08 13:45:46
851,Tripti Wadhwa,+919757793457,Mumbai,3.38,2026-04-15,SUSPENDED,2026-06-29 00:03:46
852,Daksha Minhas,+916626247891,Bengaluru,3.39,2023-12-14,INACTIVE,2026-07-05 12:20:46
853,Yuvraj Bhandari,+912708609190,Bengaluru,4.18,2024-02-07,ACTIVE,2026-07-02 02:11:46
854,Yashica Pandit,9745289651,Bengaluru,4.32,2024-12-05,ACTIVE,2026-07-08 11:28:46
855,Udarsh Sama,+916346201368,Bengaluru,3.64,2024-06-28,ACTIVE,2026-07-04 09:35:46
856,Neha Mangat,07500286420,Bengaluru,4.66,2024-06-19,INACTIVE,2026-07-02 10:19:46
857,Praneel Mukhopadhyay,+919693512544,Bengaluru,3.26,2025-07-08,ACTIVE,2026-06-29 10:37:46
858,Advaith Dara,+911468356568,Bengaluru,4.74,2025-11-23,INACTIVE,2026-07-07 18:05:46
859,Yashawini Tella,01448523431,Bengaluru,3.01,2023-12-21,ACTIVE,2026-06-30 04:25:46
860,Yochana Nagarajan,2778825352,Hyderabad,4.82,2025-01-13,INACTIVE,2026-06-28 20:45:46
861,Wyatt Gade,+916912833711,Bengaluru,3.39,2024-06-27,ACTIVE,2026-07-07 03:57:46
862,Advay Trivedi,+916874928531,Bengaluru,4.02,2023-09-05,ACTIVE,2026-06-28 23:11:46
863,Charvi Saran,2753037919,Bengaluru,4.01,2023-11-24,ACTIVE,2026-07-01 06:02:46
864,Hamsini Khurana,06454628914,Bengaluru,3.24,2026-02-20,ACTIVE,2026-07-01 00:04:46
865,Suhani Verma,07994248148,Bengaluru,4.41,2025-08-31,SUSPENDED,2026-07-05 05:54:46
866,Megha Karpe,+914640560620,Bengaluru,4.66,2025-10-07,ACTIVE,2026-06-29 08:33:46
867,Anirudh Malhotra,+915692329887,Bengaluru,3.9,2025-01-09,ACTIVE,2026-07-08 03:33:46
868,Isaiah Chakraborty,01621373736,Mumbai,4.31,2026-01-21,ACTIVE,2026-06-29 03:35:46
869,Leena Kakar,03424319674,Bengaluru,3.03,2025-03-19,INACTIVE,2026-07-09 01:41:46
870,Neha Saran,5763327738,Bengaluru,4.05,2023-12-20,ACTIVE,2026-07-04 00:13:46
871,Indrajit Ghose,9854196569,Bengaluru,4.44,2023-11-08,ACTIVE,2026-07-04 09:02:46
872,Siddharth Oommen,2967568855,Bengaluru,4.79,2025-06-24,ACTIVE,2026-07-03 01:01:46
873,Rajeshri Ravel,7107649218,Bengaluru,3.84,2026-05-12,ACTIVE,2026-07-04 07:16:46
874,Vansha Sama,+913098656753,Bengaluru,4.84,2024-07-20,ACTIVE,2026-07-09 01:52:46
875,Harita Baria,06967028845,Bengaluru,3.38,2025-02-14,ACTIVE,2026-07-08 06:51:46
876,Hemangini Choudhary,01182640811,Bengaluru,4.02,2024-10-22,INACTIVE,2026-07-03 09:55:46
877,Shravya Kara,+911617853545,Bengaluru,4.56,2024-09-04,ACTIVE,2026-07-04 10:36:46
878,Daksha Menon,08092897592,Bengaluru,3.07,2026-04-01,SUSPENDED,2026-06-28 20:40:46
879,Abeer Purohit,2801555902,Bengaluru,3.46,2023-11-22,ACTIVE,2026-07-01 20:30:46
880,Xalak Sastry,1763039860,Bengaluru,4.15,2024-10-27,ACTIVE,2026-06-30 18:25:46
881,Anya Devi,04797648015,Bengaluru,4.2,2026-03-19,ACTIVE,2026-07-02 05:53:46
882,Logan Basak,2402131499,Bengaluru,7.5,2024-09-02,INACTIVE,2026-07-05 18:25:46
883,Bhavika Varma,05396190368,Bengaluru,3.84,2024-08-17,ACTIVE,2026-06-30 21:28:46
884,Zansi Saxena,+914319178658,Mumbai,3.61,2024-09-28,ACTIVE,2026-07-08 17:55:46
885,Christopher Varty,6529741743,Bengaluru,3.92,2025-06-03,SUSPENDED,2026-07-01 21:55:46
886,Guneet Chadha,+911600935699,Mumbai,3.32,2025-04-30,ACTIVE,2026-07-05 00:24:46
887,Gaurav Toor,5922638001,Bengaluru,7.5,2023-12-14,ACTIVE,2026-07-09 01:53:46
888,Amara Palla,+911999471613,Hyderabad,4.02,2025-03-29,ACTIVE,2026-07-07 11:47:46
889,Viraj Luthra,+919650273345,Bengaluru,4.06,2023-10-31,SUSPENDED,2026-07-06 07:23:46
890,Logan Patil,+912254426933,Hyderabad,3.78,2024-06-29,SUSPENDED,2026-07-05 05:31:46
891,Wahab Dhar,09933625534,Bengaluru,3.17,2025-10-07,ACTIVE,2026-07-03 17:45:46
892,Girish Krishnamurthy,07201023929,Bengaluru,4.28,2025-08-23,ACTIVE,2026-07-07 02:18:46
893,Advay Pillai,01142882478,Bengaluru,4.91,2025-11-19,ACTIVE,2026-06-29 08:37:46
894,Dalaja Soman,+913791577458,Bengaluru,4.06,2026-04-11,ACTIVE,2026-07-02 09:26:46
895,Vrishti Aurora,+916736632036,Bengaluru,4.83,2026-05-21,INACTIVE,2026-07-06 04:36:46
896,Pahal Kulkarni,+915925274971,Bengaluru,3.8,2024-12-03,ACTIVE,2026-07-01 10:15:46
897,Qushi Shankar,+918182578415,Bengaluru,4.29,2025-01-10,SUSPENDED,2026-07-06 16:40:46
898,Frado Aggarwal,6692971120,Bengaluru,4.54,2024-10-30,SUSPENDED,2026-07-01 10:34:46
899,Peter Pandya,01323273915,Bengaluru,3.97,2023-12-20,ACTIVE,2026-07-04 18:07:46
900,Faras Chahal,2752785100,Hyderabad,4.09,2025-06-07,ACTIVE,2026-06-29 00:32:46
901,Manya Dube,3172349852,Bengaluru,4.66,2023-07-09,INACTIVE,2026-07-01 22:09:46
902,Warda Toor,06292090049,Bengaluru,4.64,2026-04-08,SUSPENDED,2026-06-30 13:42:46
903,Imaran Baral,+911860373542,Bengaluru,4.87,2023-11-14,ACTIVE,2026-07-06 23:18:46
904,Sarthak Savant,7416539662,Bengaluru,3.03,2025-04-11,INACTIVE,2026-07-01 07:24:46
905,Omaja D’Alia,07039460382,Hyderabad,3.36,2025-12-05,ACTIVE,2026-07-07 04:56:46
906,Pranit Jayaraman,03476895326,Bengaluru,3.13,2026-04-25,ACTIVE,2026-07-06 17:01:46
907,Charita Gole,5108385450,Bengaluru,4.34,2025-01-28,ACTIVE,2026-07-01 19:29:46
908,Darsh Khatri,2763552943,Bengaluru,4.94,2025-05-06,ACTIVE,2026-07-05 08:00:46
909,Vincent Kurian,08039408763,Bengaluru,3.18,2023-08-21,SUSPENDED,2026-06-30 10:55:46
910,Ikshita Goyal,+916034022842,Mumbai,4.4,2024-08-03,ACTIVE,2026-07-06 07:02:46
911,Indira Gade,7952898924,Bengaluru,4.49,2023-11-19,ACTIVE,2026-07-03 14:05:46
912,Aahana Baral,08480547066,Mumbai,3.19,2025-05-08,SUSPENDED,2026-07-03 22:48:46
913,Vyanjana Chaudhry,0082590036,Bengaluru,3.05,2025-08-14,INACTIVE,2026-07-06 09:57:46
914,Rishi Boase,+919287082357,Bengaluru,3.99,2024-03-03,SUSPENDED,2026-07-07 01:21:46
915,Ekbal Nayar,2402469122,Bengaluru,3.37,2024-06-02,ACTIVE,2026-06-28 16:04:46
916,Vivaan Taneja,0599453774,Bengaluru,3.71,2026-06-05,ACTIVE,2026-07-03 19:12:46
917,Tristan Ratta,+911211149982,Bengaluru,3.96,2024-11-23,ACTIVE,2026-07-04 01:28:46
918,Frederick Choudhry,6949644439,Bengaluru,3.0,2023-07-24,ACTIVE,2026-06-30 21:41:46
919,Upadhriti Bhattacharyya,03307095100,Bengaluru,4.13,2023-09-06,ACTIVE,2026-06-29 11:29:46
920,Kavya Pai,+913815024130,Bengaluru,4.94,2024-04-11,INACTIVE,2026-07-06 12:10:46
921,Falguni Lata,+917587416228,Bengaluru,3.82,2025-10-21,ACTIVE,2026-06-29 01:55:46
922,Chaitanya Mander,4478785998,Bengaluru,3.56,2025-09-15,ACTIVE,2026-07-01 20:45:46
923,Yadavi Pandit,02723168467,Bengaluru,3.39,2025-09-25,ACTIVE,2026-07-09 08:51:46
924,Umang Dasgupta,08620769863,Bengaluru,3.08,2024-10-19,SUSPENDED,2026-07-03 08:25:46
925,Darsh Mohan,03953411210,Bengaluru,4.56,2026-02-10,SUSPENDED,2026-07-06 18:57:46
926,Xavier Thaker,+915927020442,Bengaluru,3.74,2025-03-20,ACTIVE,2026-07-05 11:03:46
927,Yug Bajaj,05391651109,Bengaluru,4.1,2024-02-05,SUSPENDED,2026-07-09 09:04:46
928,Qabil Bhandari,04333442584,Bengaluru,3.41,2024-09-22,INACTIVE,2026-07-07 07:19:46
929,Upkaar Sidhu,+912867528108,Bengaluru,3.6,2025-09-13,INACTIVE,2026-07-08 07:24:46
930,Ronith Dash,7642686701,Bengaluru,3.02,2026-01-24,INACTIVE,2026-07-09 08:06:46
931,Anita Anand,+917406661206,Bengaluru,3.7,2025-10-10,SUSPENDED,2026-07-03 08:00:46
932,Aarini Desai,9816305475,Mumbai,3.84,2023-11-16,INACTIVE,2026-06-29 22:26:46
933,Yug Sachdev,+912232446686,Mumbai,4.52,2025-06-22,ACTIVE,2026-06-29 13:44:46
934,Hema Nadkarni,1077777900,Hyderabad,3.43,2026-06-01,SUSPENDED,2026-07-08 12:36:46
935,Garima Manda,+917847298290,Bengaluru,3.74,2025-09-14,ACTIVE,2026-06-28 23:39:46
936,Vinaya Nagy,05477171220,Bengaluru,3.32,2025-10-07,INACTIVE,2026-06-28 15:20:46
937,Lajita Chandran,00285805601,Bengaluru,3.41,2024-02-23,ACTIVE,2026-07-03 00:33:46
938,Samar Gade,05338332833,Bengaluru,3.65,2025-10-31,ACTIVE,2026-07-08 18:14:46
939,Sathvik Khatri,+916037237466,Bengaluru,3.57,2024-06-12,SUSPENDED,2026-07-07 12:14:46
940,Ijaya Behl,01703404739,Bengaluru,4.46,2024-10-26,ACTIVE,2026-07-06 19:54:46
941,Prisha Nagi,0522283656,Bengaluru,4.27,2023-12-15,SUSPENDED,2026-07-02 05:48:46
942,Ryan Chand,7794753402,Bengaluru,4.93,2025-01-21,ACTIVE,2026-07-03 08:59:46
943,Bina Lad,+913294730732,Bengaluru,3.96,2024-06-24,SUSPENDED,2026-07-01 06:26:46
944,Warjas Bandi,7461643060,Bengaluru,3.22,2024-05-25,ACTIVE,2026-07-07 00:55:46
945,Wazir Ravi,02943577278,Bengaluru,4.53,2025-01-21,SUSPENDED,2026-07-07 02:10:46
946,Yochana Goel,7383395547,Bengaluru,4.88,2025-02-21,SUSPENDED,2026-07-09 02:14:46
947,Ria Thaman,9645836764,Bengaluru,3.07,2024-05-22,SUSPENDED,2026-07-01 16:31:46
948,Abeer Lad,+912945316969,Bengaluru,3.13,2023-10-30,ACTIVE,2026-06-30 16:27:46
949,Sachi Madan,04366883440,Bengaluru,3.04,2025-06-11,INACTIVE,2026-07-08 15:18:46
950,Aashi Master,+912306799262,Bengaluru,3.3,2024-09-15,ACTIVE,2026-07-01 08:41:46
951,Yachana Gera,4965415044,Mumbai,4.04,2026-03-21,INACTIVE,2026-07-04 21:04:46
952,Chanakya Bandi,0269446769,Bengaluru,3.63,2026-06-08,ACTIVE,2026-06-30 17:53:46
953,Zashil Kibe,1318534404,Bengaluru,3.61,2024-04-10,INACTIVE,2026-07-07 20:35:46
954,Ira Hora,+918041553797,Mumbai,3.43,2026-01-16,ACTIVE,2026-07-06 20:52:46
955,Ojas Nori,00170981732,Bengaluru,3.04,2024-04-05,SUSPENDED,2026-07-04 18:38:46
956,Samesh Chad,3804323127,Bengaluru,4.02,2023-10-24,ACTIVE,2026-07-06 04:12:46
957,Vamakshi Garg,6825127684,Bengaluru,3.63,2025-12-28,ACTIVE,2026-07-04 07:53:46
958,Chanchal Pant,+917822579835,Bengaluru,4.83,2023-11-24,SUSPENDED,2026-07-06 01:50:46
959,Hemangini Jaggi,+915928318358,Bengaluru,3.51,2023-07-31,ACTIVE,2026-06-30 19:11:46
960,Priya Jain,+914219758353,Bengaluru,4.62,2024-04-09,ACTIVE,2026-07-04 06:35:46
961,Yashawini Chaudhuri,+912113556736,Bengaluru,4.23,2024-02-20,ACTIVE,2026-07-04 17:28:46
962,Nirja Rajagopal,03064417063,Mumbai,3.21,2024-07-19,ACTIVE,2026-07-06 02:54:46
963,Lakshmi Warrior,+917646069647,Hyderabad,4.37,2025-02-06,ACTIVE,2026-07-02 17:43:46
964,Laban Taneja,09087703227,Bengaluru,3.8,2025-07-14,ACTIVE,2026-07-01 04:44:46
965,Banjeet Bhagat,01512923384,Bengaluru,3.93,2023-11-08,ACTIVE,2026-07-01 09:26:46
966,Widisha Pillay,6339747035,Mumbai,3.72,2026-05-26,INACTIVE,2026-07-04 05:41:46
967,Warhi Batta,+910193769184,Hyderabad,3.74,2024-09-03,ACTIVE,2026-07-07 13:10:46
968,Ubika Dasgupta,+919699480923,Bengaluru,4.78,2026-05-10,ACTIVE,2026-07-01 11:10:46
969,Chakradhar Koshy,09793599756,Bengaluru,4.43,2024-11-10,ACTIVE,2026-07-05 13:02:46
970,Vrinda Dugar,4689130575,Bengaluru,3.41,2024-01-05,INACTIVE,2026-07-02 14:51:46
971,Harish Sandal,2824969048,Bengaluru,4.72,2024-03-03,ACTIVE,2026-07-03 07:04:46
972,Eshana Nagarajan,+911337652138,Hyderabad,3.05,2026-05-19,SUSPENDED,2026-07-08 07:51:46
973,Zehaan Jhaveri,02556673543,Bengaluru,3.57,2025-07-13,ACTIVE,2026-07-07 21:18:46
974,Megha Mutti,00793976332,Mumbai,4.26,2026-01-26,SUSPENDED,2026-07-07 03:10:46
975,Falguni Rout,4148107294,Bengaluru,4.79,2024-03-13,ACTIVE,2026-07-06 12:34:46
976,Yochana Sahota,4227176920,Bengaluru,4.97,2025-02-23,SUSPENDED,2026-07-03 08:28:46
977,Rishi Deshpande,08337850851,Bengaluru,3.58,2024-01-04,SUSPENDED,2026-07-03 23:13:46
978,Urvi Panchal,9108795863,Bengaluru,3.08,2025-10-01,ACTIVE,2026-07-02 22:51:46
979,Orinder Ranganathan,08638774003,Bengaluru,3.9,2025-12-20,ACTIVE,2026-06-30 09:28:46
980,Unnati Verma,01167561992,Bengaluru,3.23,2025-01-15,ACTIVE,2026-07-07 08:48:46
981,Michael Dar,+918526044860,Bengaluru,4.33,2024-12-25,INACTIVE,2026-07-02 13:39:46
982,Manthan Kannan,8394186383,Bengaluru,4.68,2025-05-19,INACTIVE,2026-07-08 12:51:46
983,Chandani Handa,9554991041,Hyderabad,3.06,2023-12-29,ACTIVE,2026-07-03 07:25:46
984,Kalpit Wable,05171440830,Bengaluru,3.28,2023-08-22,ACTIVE,2026-07-04 18:48:46
985,Jack Wason,+919136069865,Bengaluru,3.83,2025-08-19,ACTIVE,2026-07-08 19:29:46
986,Turvi Dutta,1688337821,Bengaluru,4.99,2024-10-20,ACTIVE,2026-07-09 11:26:46
987,Anthony Dora,8821032345,Mumbai,3.11,2023-10-25,ACTIVE,2026-07-07 20:55:46
988,Balhaar Atwal,+916157750208,Mumbai,-1.0,2025-03-04,SUSPENDED,2026-07-07 23:45:46
989,Chaitanya Sahota,+914738975034,Bengaluru,4.05,2024-04-23,ACTIVE,2026-07-01 15:52:46
990,Chatura Aurora,+911832688348,Bengaluru,4.6,2024-06-20,SUSPENDED,2026-07-02 06:17:46
991,Advik Sahni,9517996890,Bengaluru,4.21,2025-07-20,ACTIVE,2026-07-02 07:57:46
992,Ayush Hans,03790741449,Bengaluru,4.15,2024-08-01,SUSPENDED,2026-06-30 13:58:46
993,Tristan Sur,0548269419,Mumbai,3.61,2025-05-01,SUSPENDED,2026-06-29 14:52:46
994,Shravya Samra,+919867152899,Bengaluru,3.92,2025-02-24,SUSPENDED,2026-07-02 05:39:46
995,Kalpit Behl,09764433158,Bengaluru,4.8,2025-02-09,ACTIVE,2026-07-07 04:34:46
996,Advaith Patla,8133508284,Bengaluru,4.75,2025-08-07,ACTIVE,2026-07-05 07:33:46
997,Sudiksha Tak,4881169533,Hyderabad,3.76,2024-06-26,SUSPENDED,2026-07-03 19:42:46
998,Mohammed Memon,05354262531,Bengaluru,3.28,2025-09-07,ACTIVE,2026-07-01 22:23:46
999,Bhavani Chandran,08247670938,Bengaluru,3.77,2024-06-20,SUSPENDED,2026-07-05 04:18:46
1000,Gauri Deol,9255431040,Bengaluru,4.06,2024-11-12,ACTIVE,2026-07-07 14:54:46
,Neha Mangat,07500286420,Bengaluru,4.66,2024-06-19,INACTIVE,2026-07-02 10:19:46
,Hardik Purohit,03407771178,Bengaluru,4.39,2025-08-11,SUSPENDED,2026-07-04 00:22:46
,Viraj Dar,+913993158279,Bengaluru,3.08,2024-08-15,ACTIVE,2026-07-07 20:46:46
,Qabil Mangal,+912095777458,Bengaluru,3.32,2023-08-08,INACTIVE,2026-07-08 22:00:46
,Zashil Kibe,1318534404,Bengaluru,3.61,2024-04-10,INACTIVE,2026-07-07 20:35:46
555,Netra Pingle,+918597188919,Bengaluru,4.9,2024-08-08,ACTIVE,2026-07-05 15:24:46
718,Anirudh Khanna,+914513930763,Bengaluru,3.18,2024-04-15,ACTIVE,2026-07-04 04:47:46
42,Triveni Tak,01740931925,Hyderabad,4.81,2024-08-06,ACTIVE,2026-07-01 10:46:46
595,Abdul Nagarajan,+919839968103,Bengaluru,4.85,2025-12-16,INACTIVE,2026-06-29 09:30:46
900,Faras Chahal,2752785100,Hyderabad,4.09,2025-06-07,ACTIVE,2026-06-29 00:32:46
