driver_id,total_trips,completed_trips,total_revenue,total_online_hours,driver_utilization,revenue_per_driver
496,103,91,70607.56,156.0,0.583,775.91
471,109,93,68609.9,178.0,0.522,737.74
833,110,100,71368.72,142.0,0.704,713.69
463,113,96,70592.95,122.0,0.787,735.34
148,95,84,55919.18,90.0,0.933,665.7
897,115,102,73082.1,94.0,1.085,716.49
392,114,96,68166.91999999998,130.0,0.738,710.07
737,101,90,61623.520000000004,138.0,0.652,684.71
623,107,94,71452.03,136.0,0.691,760.13
243,100,90,63868.61,174.0,0.517,709.65
858,115,108,72573.12,86.0,1.256,671.97
540,108,99,68765.73000000001,118.0,0.839,694.6
31,105,95,67523.74,104.0,0.913,710.78
516,97,92,70493.03,232.0,0.397,766.23
451,116,101,72297.48999999999,132.0,0.765,715.82
580,121,110,85006.39,134.0,0.821,772.79
85,98,85,64909.310000000005,100.0,0.85,763.64
137,95,91,62474.28999999999,102.0,0.892,686.53
808,105,96,67993.72,112.0,0.857,708.27
251,111,99,70847.04000000001,118.0,0.839,715.63
879,106,95,72446.15000000001,146.0,0.651,762.59
883,104,93,68411.37999999999,86.0,1.081,735.61
458,108,99,74700.41,94.0,1.053,754.55
65,106,96,68547.45000000001,114.0,0.842,714.04
481,109,102,74669.12,138.0,0.739,732.05
255,148,139,93913.87000000001,96.0,1.448,675.64
53,103,92,68613.81000000001,168.0,0.548,745.8
970,122,112,80907.95999999999,60.0,1.867,722.39
898,109,97,71819.37999999999,160.0,0.606,740.41
804,104,91,64204.44,168.0,0.542,705.54
588,101,87,65214.770000000004,146.0,0.596,749.6
799,129,109,77773.55,108.0,1.009,713.52
472,85,74,56274.85,56.0,1.321,760.47
853,99,93,70233.42,150.0,0.62,755.2
296,94,87,56494.28999999999,104.0,0.837,649.36
133,100,92,71460.20000000001,176.0,0.523,776.74
513,112,100,69044.09,96.0,1.042,690.44
322,99,89,65933.49999999999,88.0,1.011,740.83
78,90,80,49263.1,158.0,0.506,615.79
918,128,116,80145.12,74.0,1.568,690.91
633,116,103,81953.86,172.0,0.599,795.67
857,114,108,81582.68,106.0,1.019,755.4
961,103,89,68028.62,108.0,0.824,764.37
362,125,116,84473.09999999999,88.0,1.318,728.22
974,94,85,62307.549999999996,74.0,1.149,733.03
613,112,100,72250.99999999999,156.0,0.641,722.51
321,102,91,65112.950000000004,102.0,0.892,715.53
673,110,101,71573.11,158.0,0.639,708.64
876,116,100,73509.73000000001,158.0,0.633,735.1
375,125,111,80098.19,124.0,0.895,721.61
976,109,97,78360.66,210.0,0.462,807.84
597,112,99,76405.55000000002,138.0,0.717,771.77
593,112,103,78311.22,192.0,0.536,760.3
155,99,88,60280.58000000001,110.0,0.8,685.01
744,130,116,90174.47999999998,156.0,0.744,777.37
683,110,94,67939.58,122.0,0.77,722.76
950,88,80,60035.57000000001,146.0,0.548,750.44
108,122,112,75453.99,106.0,1.057,673.7
796,116,106,88560.1,112.0,0.946,835.47
368,100,88,62419.229999999996,114.0,0.772,709.31
211,102,86,62213.43,136.0,0.632,723.41
193,119,112,88085.30999999998,140.0,0.8,786.48
34,118,108,79804.71,142.0,0.761,738.93
530,126,112,82111.59,88.0,1.273,733.14
642,95,82,62604.68,136.0,0.603,763.47
756,119,100,75574.95000000001,102.0,0.98,755.75
115,103,94,67764.14,144.0,0.653,720.9
101,101,95,66557.45,104.0,0.913,700.6
126,118,103,78238.29,80.0,1.288,759.6
772,120,111,77738.89000000001,170.0,0.653,700.35
874,118,102,73058.57,158.0,0.646,716.26
847,99,90,59665.34999999999,132.0,0.682,662.95
81,96,85,62752.32000000001,114.0,0.746,738.26
830,126,117,90900.90000000001,174.0,0.672,776.93
939,106,96,66522.21999999999,118.0,0.814,692.94
385,105,94,70662.35,114.0,0.825,751.73
210,90,75,59227.15,170.0,0.441,789.7
28,91,87,64423.27999999999,120.0,0.725,740.5
183,106,94,66050.67000000001,98.0,0.959,702.67
436,88,78,58190.740000000005,136.0,0.574,746.04
762,100,89,65067.46000000001,132.0,0.674,731.1
497,117,111,86929.7,134.0,0.828,783.15
596,103,96,71113.5,94.0,1.021,740.77
842,117,108,81601.04,136.0,0.794,755.57
784,102,90,67917.09999999999,122.0,0.738,754.63
787,105,95,73274.7,130.0,0.731,771.31
412,96,83,67832.3,150.0,0.553,817.26
300,91,79,59984.59,98.0,0.806,759.3
406,116,99,78559.08,88.0,1.125,793.53
587,106,95,67091.42,114.0,0.833,706.23
731,96,82,56246.22000000001,96.0,0.854,685.93
988,131,111,91482.41,94.0,1.181,824.17
688,96,90,67696.7,98.0,0.918,752.19
76,105,87,65149.5,152.0,0.572,748.84
667,102,89,66063.69,150.0,0.593,742.29
914,117,104,75386.64,128.0,0.813,724.87
723,96,88,64631.1,80.0,1.1,734.44
27,97,90,67489.37999999999,92.0,0.978,749.88
501,116,104,76783.85,80.0,1.3,738.31
26,92,80,57363.450000000004,116.0,0.69,717.04
626,110,101,67043.69,126.0,0.802,663.8
577,111,100,67614.28,126.0,0.794,676.14
332,110,100,78333.89,130.0,0.769,783.34
831,110,100,72856.4,46.0,2.174,728.56
384,111,100,72615.42,162.0,0.617,726.15
844,113,99,69278.05,86.0,1.151,699.78
916,111,101,72038.56,134.0,0.754,713.25
159,113,102,79491.18000000001,172.0,0.593,779.33
743,112,101,75678.77,72.0,1.403,749.29
908,109,91,67568.02,124.0,0.734,742.51
811,92,80,62306.5,84.0,0.952,778.83
192,117,111,86637.49,96.0,1.156,780.52
44,98,88,65042.06,134.0,0.657,739.11
606,109,101,68392.3,152.0,0.664,677.15
271,96,83,59608.55,112.0,0.741,718.18
806,128,113,89193.79999999999,90.0,1.256,789.33
253,102,89,70693.76000000001,150.0,0.593,794.31
329,103,95,69980.7,138.0,0.688,736.64
103,100,94,72225.79,84.0,1.119,768.36
460,122,110,78601.89,34.0,3.235,714.56
236,111,99,67777.57999999999,114.0,0.868,684.62
984,106,95,71574.96,144.0,0.66,753.42
973,102,94,64247.469999999994,130.0,0.723,683.48
350,112,103,79692.51,132.0,0.78,773.71
12,108,96,66716.43999999999,64.0,1.5,694.96
336,99,87,67194.5,168.0,0.518,772.35
223,83,76,61154.14,118.0,0.644,804.66
738,110,95,62830.66,82.0,1.159,661.38
860,108,89,66170.82,110.0,0.809,743.49
388,117,107,77714.19000000002,122.0,0.877,726.3
417,103,96,75103.46,90.0,1.067,782.33
602,104,92,68363.55,158.0,0.582,743.08
548,126,112,83154.19,132.0,0.848,742.45
663,115,102,78852.36,110.0,0.927,773.06
578,94,79,55169.57000000001,140.0,0.564,698.35
91,107,92,68933.31999999999,106.0,0.868,749.28
926,102,91,66643.92000000001,86.0,1.058,732.35
409,113,105,77407.86,132.0,0.795,737.22
707,102,95,66509.71,80.0,1.188,700.1
822,112,99,72612.37,114.0,0.868,733.46
333,108,99,74622.62,110.0,0.9,753.76
285,108,96,72071.02,108.0,0.889,750.74
601,88,78,61196.520000000004,168.0,0.464,784.57
875,101,89,64672.490000000005,176.0,0.506,726.66
222,98,88,68666.93999999999,114.0,0.772,780.31
685,111,99,72164.66999999998,94.0,1.053,728.94
372,131,115,82669.83999999998,136.0,0.846,718.87
604,104,98,73048.97,136.0,0.721,745.4
727,87,81,63507.71999999999,140.0,0.579,784.05
209,113,100,80066.66,92.0,1.087,800.67
22,121,110,74404.95000000001,58.0,1.897,676.41
330,112,106,79070.79,112.0,0.946,745.95
995,117,108,80104.06999999998,112.0,0.964,741.7
128,118,108,77255.63000000002,120.0,0.9,715.33
625,82,80,58635.939999999995,48.0,1.667,732.95
493,123,106,86035.57,112.0,0.946,811.66
319,100,90,62530.73999999999,74.0,1.216,694.79
230,100,93,69730.13999999998,164.0,0.567,749.79
686,106,99,73725.29000000001,132.0,0.75,744.7
122,102,91,73470.76,100.0,0.91,807.37
232,110,101,80146.63,122.0,0.828,793.53
225,111,101,75143.01999999999,156.0,0.647,743.99
924,103,93,72464.63,100.0,0.93,779.19
233,136,126,92844.29000000001,132.0,0.955,736.86
758,99,86,64577.8,110.0,0.782,750.9
190,102,91,70037.3,180.0,0.506,769.64
157,115,104,81503.91000000002,144.0,0.722,783.69
93,106,95,70572.5,70.0,1.357,742.87
855,116,108,77741.84,114.0,0.947,719.83
476,113,101,71188.54999999999,96.0,1.052,704.84
246,96,85,63547.649999999994,122.0,0.697,747.62
360,98,96,74266.8,118.0,0.814,773.61
861,103,92,64342.450000000004,150.0,0.613,699.37
367,115,107,68610.37,142.0,0.754,641.22
599,122,115,84866.9,166.0,0.693,737.97
346,97,87,71912.23999999999,162.0,0.537,826.58
539,108,101,78024.96999999999,146.0,0.692,772.52
725,84,71,57658.66,128.0,0.555,812.09
654,104,91,61734.45,136.0,0.669,678.4
111,102,90,71285.27000000002,106.0,0.849,792.06
224,110,95,67827.1,116.0,0.819,713.97
519,104,91,62653.770000000004,96.0,0.948,688.5
47,98,87,61458.96,152.0,0.572,706.42
827,85,77,59735.65000000001,88.0,0.875,775.79
711,111,101,74799.40999999999,134.0,0.754,740.59
177,102,93,70514.93,124.0,0.75,758.23
140,126,114,86753.24000000002,102.0,1.118,760.99
556,99,89,67430.09000000001,114.0,0.781,757.64
416,123,113,82280.13000000002,124.0,0.911,728.14
671,112,104,74692.85,138.0,0.754,718.2
665,105,97,63156.43,136.0,0.713,651.1
152,109,99,72957.05,124.0,0.798,736.94
132,122,113,81775.18,150.0,0.753,723.67
444,110,99,69126.72,126.0,0.786,698.25
882,103,97,67728.95999999998,128.0,0.758,698.24
355,99,89,69558.2,122.0,0.73,781.55
694,115,105,82350.78000000001,112.0,0.938,784.29
353,117,106,80231.34,86.0,1.233,756.9
747,106,94,70637.19,112.0,0.839,751.46
185,104,93,68621.23999999999,106.0,0.877,737.86
696,123,110,80284.85999999999,122.0,0.902,729.86
618,87,72,50918.850000000006,152.0,0.474,707.21
305,109,101,77237.65,146.0,0.692,764.73
291,107,95,73532.20999999999,94.0,1.011,774.02
386,103,92,69477.02,132.0,0.697,755.19
325,95,88,68122.70999999999,104.0,0.846,774.12
955,100,86,62938.26999999999,80.0,1.075,731.84
906,110,97,65596.26,152.0,0.638,676.25
935,118,109,86698.41,110.0,0.991,795.4
660,89,77,55138.72,74.0,1.041,716.09
748,88,79,56071.22,106.0,0.745,709.76
473,114,102,69754.93000000001,130.0,0.785,683.87
774,104,91,69848.39,126.0,0.722,767.56
435,123,108,74592.46999999999,116.0,0.931,690.67
912,99,88,72256.76,110.0,0.8,821.1
603,106,91,69342.91,106.0,0.858,762.01
581,93,83,57745.07,150.0,0.553,695.72
146,104,90,68522.95,94.0,0.957,761.37
704,101,95,68855.6,36.0,2.639,724.8
512,97,83,59337.42,150.0,0.553,714.91
259,91,80,53825.33,108.0,0.741,672.82
797,106,96,74875.8,138.0,0.696,779.96
206,108,90,63347.13,104.0,0.865,703.86
896,133,119,92661.73,84.0,1.417,778.67
1,102,91,67410.5,146.0,0.623,740.77
363,99,92,69388.37000000001,118.0,0.78,754.22
777,119,109,76569.27000000002,80.0,1.363,702.47
297,113,108,76654.3,88.0,1.227,709.76
768,114,104,73856.56,160.0,0.65,710.16
52,122,108,80931.06,124.0,0.871,749.36
770,102,92,70805.52999999998,102.0,0.902,769.63
992,126,114,91619.06,172.0,0.663,803.68
212,98,89,58048.45,128.0,0.695,652.23
715,124,111,90155.06,76.0,1.461,812.21
674,105,94,67371.65,154.0,0.61,716.72
631,103,96,64488.55,114.0,0.842,671.76
274,120,110,79351.21,112.0,0.982,721.37
442,105,96,65850.3,124.0,0.774,685.94
792,130,118,88281.16999999998,96.0,1.229,748.15
689,101,88,65503.990000000005,148.0,0.595,744.36
699,109,100,72121.73,72.0,1.389,721.22
182,105,96,77240.18000000002,82.0,1.171,804.59
440,105,95,66374.82,108.0,0.88,698.68
13,123,105,75174.14,116.0,0.905,715.94
734,116,109,78744.03,74.0,1.473,722.42
348,122,109,85840.87,108.0,1.009,787.53
280,121,108,75407.28,126.0,0.857,698.22
218,118,105,78741.65000000001,118.0,0.89,749.92
86,116,106,77818.29,114.0,0.93,734.13
636,98,93,65325.71000000001,162.0,0.574,702.43
474,95,84,58991.58,54.0,1.556,702.28
760,120,106,82517.68000000001,170.0,0.624,778.47
16,110,94,75506.76000000001,144.0,0.653,803.26
6,118,108,86476.76,98.0,1.102,800.71
572,123,111,84646.45,116.0,0.957,762.58
887,99,85,64700.37999999999,114.0,0.746,761.18
852,103,91,65322.22,102.0,0.892,717.83
205,106,95,71367.04,172.0,0.552,751.23
168,102,95,68557.09999999999,96.0,0.99,721.65
925,95,82,59521.7,76.0,1.079,725.87
998,77,72,55675.64,74.0,0.973,773.27
178,143,126,89100.39,186.0,0.677,707.15
972,101,90,67338.36000000002,110.0,0.818,748.2
142,93,83,58234.140000000014,140.0,0.593,701.62
3,109,101,74672.66,118.0,0.856,739.33
328,113,98,71429.38,150.0,0.653,728.87
867,99,88,64071.35999999999,184.0,0.478,728.08
308,96,85,66074.47,112.0,0.759,777.35
164,134,120,89017.21999999999,144.0,0.833,741.81
470,128,113,87576.93000000001,120.0,0.942,775.02
20,105,98,64862.44,54.0,1.815,661.86
429,106,93,66750.14000000001,118.0,0.788,717.74
839,98,87,66553.36,152.0,0.572,764.98
40,107,97,70561.58000000002,104.0,0.933,727.44
500,105,92,68586.17,142.0,0.648,745.5
169,112,103,85947.24,98.0,1.051,834.44
479,98,93,73687.48999999999,100.0,0.93,792.34
139,122,108,76946.49999999999,132.0,0.818,712.47
283,105,93,66546.92000000001,98.0,0.949,715.56
359,149,137,93474.88,102.0,1.343,682.3
692,126,112,83225.79999999999,146.0,0.767,743.09
295,105,90,65273.36000000001,144.0,0.625,725.26
340,104,96,67967.62,110.0,0.873,708.0
431,136,121,86646.69,154.0,0.786,716.09
881,103,95,63163.44,78.0,1.218,664.88
980,107,101,76443.0,178.0,0.567,756.86
432,96,86,65471.65000000001,118.0,0.729,761.3
377,105,94,75380.1,148.0,0.635,801.92
402,98,80,58487.66999999999,136.0,0.588,731.1
582,98,89,71252.64,88.0,1.011,800.59
250,99,90,62609.35999999999,94.0,0.957,695.66
94,114,100,73945.86,112.0,0.893,739.46
920,112,102,74176.3,94.0,1.085,727.22
57,98,87,63720.630000000005,120.0,0.725,732.42
570,116,103,75576.23,128.0,0.805,733.75
868,98,85,61656.59,90.0,0.944,725.37
647,104,91,66399.49,174.0,0.523,729.66
966,93,82,57389.03,88.0,0.932,699.87
944,103,95,69345.59999999999,88.0,1.08,729.95
923,99,93,69251.35999999999,174.0,0.534,744.64
676,115,101,76123.2,128.0,0.789,753.7
919,96,86,70091.15000000001,102.0,0.843,815.01
306,122,110,81107.83,116.0,0.948,737.34
339,103,94,70088.78,84.0,1.119,745.63
292,106,96,71862.53,158.0,0.608,748.57
983,104,92,69601.45,124.0,0.742,756.54
120,107,99,70341.62,124.0,0.798,710.52
559,116,99,73088.65000000001,156.0,0.635,738.27
54,96,85,55827.03999999999,144.0,0.59,656.79
969,106,87,60339.73,114.0,0.763,693.56
491,118,107,72523.78,140.0,0.764,677.79
646,96,90,65442.63,146.0,0.616,727.14
634,102,91,72410.85,156.0,0.583,795.72
846,89,78,59812.06,144.0,0.542,766.82
235,109,104,74959.0,150.0,0.693,720.76
545,118,106,77690.8,94.0,1.128,732.93
776,112,103,73471.24,140.0,0.736,713.31
871,113,98,67239.69000000002,70.0,1.4,686.12
620,98,92,65224.98,70.0,1.314,708.97
96,112,106,74571.34000000001,72.0,1.472,703.5
452,101,93,74980.96,152.0,0.612,806.25
840,113,106,74074.28,216.0,0.491,698.81
732,106,97,74514.85,114.0,0.851,768.19
650,112,104,79169.63,74.0,1.405,761.25
544,116,103,74795.04000000001,126.0,0.817,726.17
507,123,109,81066.49,158.0,0.69,743.73
266,124,113,84987.19,82.0,1.378,752.1
48,106,93,72370.96,140.0,0.664,778.18
191,119,106,78584.44,136.0,0.779,741.36
5,107,94,68843.91,142.0,0.662,732.38
268,81,74,50975.1,148.0,0.5,688.85
163,106,93,68055.84000000001,132.0,0.705,731.78
709,101,93,65012.36,102.0,0.912,699.06
279,102,95,70111.09,94.0,1.011,738.01
258,106,92,69851.82999999999,146.0,0.63,759.26
959,109,98,67958.25,138.0,0.71,693.45
729,125,111,82260.71,120.0,0.925,741.09
430,108,95,68766.11,114.0,0.833,723.85
19,111,99,72785.16,174.0,0.569,735.2
989,111,104,75340.3,140.0,0.743,724.43
754,117,108,82919.09,126.0,0.857,767.77
397,80,75,62391.27,50.0,1.5,831.88
542,100,95,66409.29,148.0,0.642,699.05
553,104,95,73027.02,112.0,0.848,768.71
560,119,109,83994.15,86.0,1.267,770.59
419,93,86,59699.770000000004,106.0,0.811,694.18
92,100,90,67105.72,166.0,0.542,745.62
836,101,87,69023.64,210.0,0.414,793.38
780,105,94,70930.01000000001,116.0,0.81,754.57
415,95,83,59735.45000000001,188.0,0.441,719.7
826,95,86,63803.270000000004,160.0,0.538,741.9
641,117,107,76329.41,106.0,1.009,713.36
644,96,89,71670.51,138.0,0.645,805.29
257,119,109,77725.83,152.0,0.717,713.08
299,96,86,60461.99,146.0,0.589,703.05
579,102,97,71584.66,48.0,2.021,737.99
117,107,100,71226.26000000001,108.0,0.926,712.26
227,107,99,71255.45000000001,156.0,0.635,719.75
64,115,100,71875.94000000002,160.0,0.625,718.76
936,108,99,76416.54,108.0,0.917,771.88
764,114,102,75848.95,92.0,1.109,743.62
504,117,109,73588.24,114.0,0.956,675.12
886,115,101,73677.25,134.0,0.754,729.48
554,114,96,74929.26999999997,114.0,0.842,780.51
598,113,107,74427.28,100.0,1.07,695.58
309,110,100,68389.6,94.0,1.064,683.9
425,92,89,66712.65,102.0,0.873,749.58
154,113,100,72163.58,118.0,0.847,721.64
41,102,93,70285.80000000002,140.0,0.664,755.76
931,108,100,79856.51000000001,120.0,0.833,798.57
904,101,91,66731.0,134.0,0.679,733.31
484,107,102,73965.36,186.0,0.548,725.15
607,105,88,64358.7,66.0,1.333,731.35
347,118,112,80845.29,100.0,1.12,721.83
455,114,100,73125.08,140.0,0.714,731.25
447,84,76,55484.72,106.0,0.717,730.06
845,109,95,71221.03000000001,122.0,0.779,749.7
43,96,86,64172.11000000001,60.0,1.433,746.19
15,104,95,69480.65000000001,108.0,0.88,731.38
929,116,106,67411.53,98.0,1.082,635.96
262,103,92,71410.20999999999,96.0,0.958,776.2
511,103,87,61801.33000000001,156.0,0.558,710.36
112,110,99,81652.17,82.0,1.207,824.77
269,111,99,67889.16,134.0,0.739,685.75
849,100,94,70199.81999999999,128.0,0.734,746.81
563,98,88,67126.95000000001,126.0,0.698,762.81
327,98,83,61056.42,126.0,0.659,735.62
615,110,95,78170.11,184.0,0.516,822.84
165,102,97,67732.39,74.0,1.311,698.27
666,99,84,63859.57,150.0,0.56,760.23
775,104,100,70906.06,140.0,0.714,709.06
358,117,113,81490.06,140.0,0.807,721.15
843,96,86,64024.79,104.0,0.827,744.47
366,94,83,59304.12,104.0,0.798,714.51
854,116,103,73129.77,98.0,1.051,710.0
489,118,102,70020.34,146.0,0.699,686.47
675,95,88,61675.530000000006,100.0,0.88,700.86
207,102,93,66593.11,164.0,0.567,716.05
179,126,113,82776.69,100.0,1.13,732.54
862,110,99,70342.68,100.0,0.99,710.53
590,85,74,51280.52,112.0,0.661,692.98
189,100,93,61576.62000000001,84.0,1.107,662.11
37,103,94,68569.81,106.0,0.887,729.47
383,102,92,65432.99,122.0,0.754,711.23
659,113,100,67718.23,100.0,1.0,677.18
61,114,102,77524.58000000002,126.0,0.81,760.04
937,118,109,82402.28999999998,108.0,1.009,755.98
316,95,90,63562.56000000001,44.0,2.045,706.25
523,105,94,67326.79,124.0,0.758,716.24
819,84,77,60406.54,122.0,0.631,784.5
127,101,93,64956.6,182.0,0.511,698.46
461,101,89,62231.33000000001,142.0,0.627,699.23
502,105,88,66519.54,140.0,0.629,755.9
993,88,81,60887.64,136.0,0.596,751.7
531,100,81,61415.21,168.0,0.482,758.21
88,131,115,79695.15000000001,94.0,1.223,693.0
486,113,102,70876.09999999999,84.0,1.214,694.86
197,120,112,84815.36,168.0,0.667,757.28
903,100,90,68496.65999999999,118.0,0.763,761.07
979,118,112,72282.78,114.0,0.982,645.38
318,106,98,62682.670000000006,168.0,0.583,639.62
462,113,95,81923.76,114.0,0.833,862.36
547,83,78,52654.06,154.0,0.506,675.05
202,115,105,78435.96999999999,106.0,0.991,747.01
263,100,89,64079.23000000001,188.0,0.473,719.99
891,104,92,69685.80000000002,128.0,0.719,757.45
619,86,79,53957.060000000005,136.0,0.581,683.0
564,105,89,72266.76000000001,70.0,1.271,811.99
107,142,122,89049.32999999999,172.0,0.709,729.91
374,118,107,81371.85,90.0,1.189,760.48
231,99,83,60387.799999999996,102.0,0.814,727.56
552,108,92,72101.04,134.0,0.687,783.71
9,114,103,72887.81999999999,118.0,0.873,707.65
17,104,92,64538.49999999999,102.0,0.902,701.51
586,116,105,77036.25,136.0,0.772,733.68
324,97,82,55993.990000000005,72.0,1.139,682.85
609,110,102,76281.81,128.0,0.797,747.86
398,98,93,77915.10999999999,120.0,0.775,837.8
72,91,79,57677.57,94.0,0.84,730.1
505,115,109,86609.55,104.0,1.048,794.58
538,118,108,78910.48999999999,94.0,1.149,730.65
286,101,90,66675.28,154.0,0.584,740.84
175,141,126,96573.94,144.0,0.875,766.46
387,102,90,66294.12999999999,110.0,0.818,736.6
746,116,105,81848.75,80.0,1.313,779.51
695,107,96,70938.15000000001,162.0,0.593,738.94
423,90,87,60347.35,120.0,0.725,693.65
498,113,104,82192.86,138.0,0.754,790.32
850,95,85,61689.08000000001,94.0,0.904,725.75
721,95,89,67289.82,118.0,0.754,756.07
381,111,104,75814.28,118.0,0.881,728.98
35,126,116,89455.98000000003,124.0,0.935,771.17
594,105,93,70794.49,72.0,1.292,761.23
761,106,98,71758.26999999999,84.0,1.167,732.23
583,129,111,83451.15000000001,130.0,0.854,751.81
610,112,100,83245.46,78.0,1.282,832.45
880,113,102,73856.31000000001,128.0,0.797,724.08
503,113,108,80128.99999999999,102.0,1.059,741.94
614,109,98,71959.45,144.0,0.681,734.28
677,107,100,72134.0,88.0,1.136,721.34
739,104,95,71090.8,78.0,1.218,748.32
742,106,97,75151.94000000002,78.0,1.244,774.76
310,118,107,75600.41,82.0,1.305,706.55
900,196,177,133413.56,276.0,0.641,753.75
870,118,101,78966.95,150.0,0.673,781.85
485,109,100,72236.52,118.0,0.847,722.37
568,118,108,81869.20000000001,98.0,1.102,758.05
698,105,95,74609.72,68.0,1.397,785.37
838,108,97,75864.93,130.0,0.746,782.11
829,95,86,64997.76,120.0,0.717,755.79
456,110,102,77685.02,128.0,0.797,761.62
196,100,85,62299.920000000006,106.0,0.802,732.94
437,86,74,53938.890000000014,152.0,0.487,728.9
834,109,102,77813.32,76.0,1.342,762.88
800,110,99,72416.6,148.0,0.669,731.48
217,114,101,77925.5,120.0,0.842,771.54
733,107,99,76690.23,142.0,0.697,774.65
441,112,102,75990.57,170.0,0.6,745.01
948,107,95,67000.03,92.0,1.033,705.26
290,118,104,80596.92,118.0,0.881,774.97
884,118,110,83352.54000000001,186.0,0.591,757.75
986,106,91,64898.51000000001,152.0,0.599,713.17
823,82,72,54263.24,98.0,0.735,753.66
766,105,96,74496.98,96.0,1.0,776.01
307,113,96,72782.14,118.0,0.814,758.15
537,107,98,71094.96,68.0,1.441,725.46
229,94,82,54128.78999999999,150.0,0.547,660.11
326,104,92,69685.51000000001,192.0,0.479,757.45
960,129,120,81222.95,116.0,1.034,676.86
114,99,88,63962.92,92.0,0.957,726.85
220,109,101,73655.32,120.0,0.842,729.26
494,106,96,67536.97,202.0,0.475,703.51
890,109,102,80308.10999999999,114.0,0.895,787.33
713,95,87,65434.149999999994,92.0,0.946,752.12
301,113,101,75523.28000000001,66.0,1.53,747.76
810,108,95,66180.96,92.0,1.033,696.64
278,100,96,70796.56999999999,158.0,0.608,737.46
669,111,106,80733.0,150.0,0.707,761.63
173,99,93,73317.18000000001,68.0,1.368,788.36
813,88,81,58710.13,100.0,0.81,724.82
4,129,115,86176.0,168.0,0.685,749.36
59,97,91,65380.78,130.0,0.7,718.47
55,115,106,81204.19,82.0,1.293,766.08
445,99,93,65785.61,138.0,0.674,707.37
684,111,98,78278.75,120.0,0.817,798.76
930,111,97,75027.23000000001,104.0,0.933,773.48
717,131,123,92627.59999999999,86.0,1.43,753.07
100,123,113,86828.68999999999,86.0,1.314,768.4
449,112,98,76158.23000000001,102.0,0.961,777.12
8,103,92,68203.56,102.0,0.902,741.34
495,110,103,78218.19,76.0,1.355,759.4
757,113,100,81356.3,142.0,0.704,813.56
450,100,95,72514.08,174.0,0.546,763.31
241,106,94,74041.96999999999,66.0,1.424,787.68
161,82,72,49227.22,110.0,0.655,683.71
987,105,103,80545.22,120.0,0.858,781.99
687,99,83,59793.420000000006,140.0,0.593,720.4
555,197,176,127015.66,232.0,0.759,721.68
922,131,108,85856.86,118.0,0.915,794.97
39,103,95,71745.22,176.0,0.54,755.21
679,116,107,77459.56000000001,74.0,1.446,723.92
719,122,112,76116.22000000002,100.0,1.12,679.61
981,93,82,66884.28,90.0,0.911,815.66
23,119,108,84749.33,158.0,0.684,784.72
672,127,112,85406.31999999999,142.0,0.789,762.56
380,109,99,73874.69,178.0,0.556,746.21
176,93,81,61390.92,124.0,0.653,757.91
49,108,95,71472.79000000001,130.0,0.731,752.35
736,113,96,74126.15000000001,88.0,1.091,772.15
520,107,96,71160.75,110.0,0.873,741.26
791,118,101,76544.45999999999,136.0,0.743,757.87
629,99,89,65680.86000000002,130.0,0.685,737.99
877,101,93,71406.13999999998,150.0,0.62,767.81
549,112,103,78303.70999999999,72.0,1.431,760.23
162,100,91,64125.44,98.0,0.929,704.68
514,98,89,55752.8,32.0,2.781,626.44
637,121,113,90772.23999999999,122.0,0.926,803.29
7,98,86,66247.05,124.0,0.694,770.31
648,101,92,72461.19,122.0,0.754,787.62
624,144,129,93947.97000000002,132.0,0.977,728.28
130,113,103,78058.73000000001,98.0,1.051,757.85
238,103,90,63629.469999999994,152.0,0.592,706.99
958,116,103,79668.47,68.0,1.515,773.48
446,97,89,66223.09999999999,52.0,1.712,744.08
244,109,97,75904.26,116.0,0.836,782.52
1000,121,111,82422.53,54.0,2.056,742.55
856,103,94,73725.67000000001,122.0,0.77,784.32
453,101,93,67269.45,88.0,1.057,723.33
84,128,119,86179.72,106.0,1.123,724.2
720,103,91,69199.79000000001,104.0,0.875,760.44
136,101,90,66964.4,118.0,0.763,744.05
314,103,90,73503.58,78.0,1.154,816.71
627,109,101,69167.93000000001,152.0,0.664,684.83
691,106,94,69694.09,58.0,1.621,741.43
728,94,89,65413.66,68.0,1.309,734.98
247,111,95,68092.57999999999,120.0,0.792,716.76
824,99,86,64025.7,94.0,0.915,744.48
664,88,79,56350.09,106.0,0.745,713.29
649,95,86,64641.79,168.0,0.512,751.65
87,121,109,86846.21999999999,70.0,1.557,796.75
565,93,84,57526.87,46.0,1.826,684.84
443,109,100,72730.74999999999,86.0,1.163,727.31
273,118,103,77472.08000000002,96.0,1.073,752.16
585,106,91,71409.35,100.0,0.91,784.72
439,104,95,69326.38,164.0,0.579,729.75
434,105,84,62550.06,142.0,0.592,744.64
171,102,90,63153.88,112.0,0.804,701.71
343,125,112,82572.94,142.0,0.789,737.26
956,95,85,67370.69,122.0,0.697,792.6
794,103,90,66105.81,134.0,0.672,734.51
194,122,114,81172.56999999999,114.0,1.0,712.04
465,100,90,70574.77,108.0,0.833,784.16
428,115,105,79555.56999999999,182.0,0.577,757.67
277,115,100,75478.87,158.0,0.633,754.79
957,116,97,75639.66,160.0,0.606,779.79
994,111,98,79220.47,148.0,0.662,808.37
51,117,113,83191.8,140.0,0.807,736.21
331,90,83,59437.24999999999,152.0,0.546,716.11
821,100,89,59123.81000000001,144.0,0.618,664.31
438,74,67,54476.68,90.0,0.744,813.08
391,98,80,55943.21,124.0,0.645,699.29
532,123,107,71770.73,132.0,0.811,670.75
706,114,98,69077.64,64.0,1.531,704.87
129,118,106,76720.91,84.0,1.262,723.78
448,102,92,71638.91000000002,152.0,0.605,778.68
69,112,101,73095.31,118.0,0.856,723.72
467,124,113,82478.82999999999,112.0,1.009,729.9
166,89,81,63930.52999999999,168.0,0.482,789.27
928,110,97,71008.97000000002,196.0,0.495,732.05
400,102,93,72789.64000000001,140.0,0.664,782.68
543,104,94,68919.64,122.0,0.77,733.19
97,101,94,72800.14000000001,130.0,0.723,774.47
693,118,106,79521.21000000002,150.0,0.707,750.2
661,113,104,78897.82,112.0,0.929,758.63
524,113,105,74471.74000000002,108.0,0.972,709.25
533,121,111,85450.73,126.0,0.881,769.83
234,138,115,84207.48999999999,82.0,1.402,732.24
869,116,109,75840.87000000001,164.0,0.665,695.79
264,106,94,60780.48000000001,146.0,0.644,646.6
239,124,117,79038.87,118.0,0.992,675.55
389,100,95,68885.02,172.0,0.552,725.11
312,85,76,61267.75,74.0,1.027,806.15
635,99,87,61396.71,124.0,0.702,705.71
885,96,88,63920.619999999995,202.0,0.436,726.37
63,101,92,63366.0,106.0,0.868,688.76
779,95,83,62138.56,76.0,1.092,748.66
403,104,93,69688.38,130.0,0.715,749.34
982,121,107,79148.81,78.0,1.372,739.71
395,103,94,67916.81,146.0,0.644,722.52
907,110,97,69137.72,98.0,0.99,712.76
459,112,96,71744.11,126.0,0.762,747.33
509,112,97,70491.67,162.0,0.599,726.72
589,132,119,89544.64,86.0,1.384,752.48
848,96,88,62141.05,126.0,0.698,706.15
77,97,86,72657.54,94.0,0.915,844.86
102,116,103,68247.52,158.0,0.652,662.6
10,107,97,73219.67000000001,64.0,1.516,754.84
361,117,105,81013.56,68.0,1.544,771.56
814,114,97,76133.45999999999,168.0,0.577,784.88
658,100,89,69884.26,152.0,0.586,785.22
771,124,111,82303.84000000001,132.0,0.841,741.48
951,105,99,79448.1,104.0,0.952,802.51
50,119,105,74317.78,36.0,2.917,707.79
750,113,103,71785.28000000001,140.0,0.736,696.94
518,113,102,71785.35,124.0,0.823,703.78
267,125,111,81783.39,108.0,1.028,736.79
293,102,89,66123.82,158.0,0.563,742.96
817,93,83,67087.45999999999,110.0,0.755,808.28
527,100,88,64478.52999999999,132.0,0.667,732.71
404,92,84,57400.06,88.0,0.955,683.33
45,95,87,65082.33000000001,66.0,1.318,748.07
793,97,90,66467.95,98.0,0.918,738.53
569,100,88,72128.06999999999,114.0,0.772,819.64
769,102,94,70885.54,108.0,0.87,754.1
977,116,108,80659.45999999999,164.0,0.659,746.85
938,100,88,73253.81,102.0,0.863,832.43
216,116,107,81777.56000000001,144.0,0.743,764.28
812,109,100,77992.7,154.0,0.649,779.93
952,97,84,60971.29,186.0,0.452,725.85
759,99,91,68291.47,136.0,0.669,750.46
418,102,95,65068.520000000004,124.0,0.766,684.93
320,100,90,70695.37000000001,96.0,0.938,785.5
38,101,93,63999.670000000006,168.0,0.554,688.17
946,111,97,74788.58,124.0,0.782,771.02
261,128,114,84299.27000000002,112.0,1.018,739.47
510,118,107,76993.99999999999,84.0,1.274,719.57
82,89,82,66685.54000000001,108.0,0.759,813.24
181,113,100,76349.59,140.0,0.714,763.5
249,97,83,62251.86,138.0,0.601,750.02
364,96,88,58335.08,188.0,0.468,662.9
288,130,114,79768.54000000001,66.0,1.727,699.72
394,101,95,64352.35,194.0,0.49,677.39
703,119,113,75527.83,116.0,0.974,668.39
945,110,102,67458.86,72.0,1.417,661.36
576,107,101,72918.43,152.0,0.664,721.96
167,114,100,76134.44000000002,96.0,1.042,761.34
240,94,86,64622.11000000001,142.0,0.606,751.42
356,106,95,69968.22000000002,86.0,1.105,736.51
889,113,101,76536.21999999999,86.0,1.174,757.78
289,104,94,74368.45999999999,78.0,1.205,791.15
80,99,87,64385.33999999999,86.0,1.012,740.06
25,113,104,79321.26000000001,98.0,1.061,762.7
816,115,108,81831.98,62.0,1.742,757.7
763,99,93,74593.37,154.0,0.604,802.08
245,110,102,73602.87,136.0,0.75,721.6
73,110,96,68915.06,62.0,1.548,717.87
427,126,108,80163.21999999999,120.0,0.9,742.25
591,124,109,76067.76999999999,160.0,0.681,697.87
113,113,97,76140.41,148.0,0.655,784.95
237,113,103,78287.91,116.0,0.888,760.08
895,114,103,78289.83,96.0,1.073,760.1
645,133,116,87800.49999999999,138.0,0.841,756.9
795,99,88,65354.270000000004,98.0,0.898,742.66
818,105,97,64468.409999999996,54.0,1.796,664.62
24,90,77,59006.93999999999,114.0,0.675,766.32
160,87,79,61638.409999999996,140.0,0.564,780.23
893,114,102,79189.23,144.0,0.708,776.37
921,96,88,66389.75,96.0,0.917,754.43
70,113,99,76728.68,90.0,1.1,775.04
408,100,91,69190.84999999999,102.0,0.892,760.34
125,130,119,89120.83000000002,110.0,1.082,748.91
62,116,107,80155.58,148.0,0.723,749.12
121,112,105,83314.65,130.0,0.808,793.47
730,98,89,65969.45,116.0,0.767,741.23
396,115,106,76529.41,114.0,0.93,721.98
480,101,95,70987.25,102.0,0.931,747.23
156,120,104,83834.14,104.0,1.0,806.1
351,91,79,62630.61,188.0,0.42,792.79
967,95,83,58790.740000000005,100.0,0.83,708.32
697,108,100,69793.26,80.0,1.25,697.93
143,93,79,54631.29000000001,124.0,0.637,691.54
219,110,97,63508.18,98.0,0.99,654.72
477,106,98,76951.42,100.0,0.98,785.22
740,117,103,69580.01,90.0,1.144,675.53
411,102,93,70947.04000000001,84.0,1.107,762.87
968,113,107,72266.38999999998,114.0,0.939,675.39
95,120,105,80022.7,88.0,1.193,762.12
482,112,96,71389.64,102.0,0.941,743.64
29,113,101,73077.93999999999,170.0,0.594,723.54
651,100,88,61940.130000000005,178.0,0.494,703.87
226,84,73,56358.409999999996,110.0,0.664,772.03
390,121,106,75873.63,114.0,0.93,715.79
789,108,96,79629.43999999999,120.0,0.8,829.47
741,105,96,72493.79000000001,108.0,0.889,755.14
526,96,91,71604.94,106.0,0.858,786.87
528,105,96,71910.07,132.0,0.727,749.06
464,112,103,71687.65,144.0,0.715,696.0
558,100,90,68382.47000000002,98.0,0.918,759.81
214,116,100,73462.34,146.0,0.685,734.62
653,93,84,60776.72,86.0,0.977,723.53
21,122,111,79147.11,116.0,0.957,713.04
710,116,102,73888.12000000001,118.0,0.864,724.39
550,111,98,75333.02999999998,84.0,1.167,768.7
323,105,98,81890.95999999999,140.0,0.7,835.62
798,102,84,63015.97,130.0,0.646,750.19
492,93,77,57741.94000000001,98.0,0.786,749.9
941,109,100,67771.08,68.0,1.471,677.71
338,110,96,67651.1,132.0,0.727,704.7
335,119,104,80042.31,152.0,0.684,769.64
352,115,104,75696.90999999999,110.0,0.945,727.85
866,122,109,76575.04000000001,114.0,0.956,702.52
195,89,79,63453.04,130.0,0.608,803.2
98,102,89,62911.119999999995,134.0,0.664,706.87
911,111,100,70064.99,68.0,1.471,700.65
678,86,76,55092.41999999999,118.0,0.644,724.9
714,88,77,57636.729999999996,94.0,0.819,748.53
256,114,105,75884.94,86.0,1.221,722.71
933,109,101,73102.8,184.0,0.549,723.79
595,242,230,165023.43999999997,250.0,0.92,717.49
345,101,89,63613.79000000001,110.0,0.809,714.76
287,97,86,63491.84,136.0,0.632,738.28
490,105,96,72561.04000000001,96.0,1.0,755.84
767,117,109,83445.93999999999,96.0,1.135,765.56
790,100,84,61794.60999999999,160.0,0.525,735.65
828,101,92,65567.59999999999,148.0,0.622,712.69
752,136,119,83381.31,160.0,0.744,700.68
809,104,96,66555.78,168.0,0.571,693.29
990,101,90,64380.11,120.0,0.75,715.33
863,106,92,64996.92,182.0,0.505,706.49
622,105,95,75681.22000000002,96.0,0.99,796.64
371,95,84,64981.50000000001,64.0,1.313,773.59
60,99,89,61122.67,128.0,0.695,686.77
90,111,100,78348.09000000001,112.0,0.893,783.48
32,85,74,55450.020000000004,82.0,0.902,749.32
75,120,107,83467.20000000001,102.0,1.049,780.07
382,119,105,78760.01,126.0,0.833,750.1
630,95,79,53730.590000000004,122.0,0.648,680.13
469,111,98,80085.65999999999,202.0,0.485,817.2
621,131,119,91058.73999999999,164.0,0.726,765.2
786,101,87,64921.09,136.0,0.64,746.22
662,106,96,70055.33,154.0,0.623,729.74
457,107,95,69895.43,110.0,0.864,735.74
203,102,84,61692.28999999999,132.0,0.636,734.43
782,104,89,61927.76,100.0,0.89,695.82
265,116,103,73760.53,154.0,0.669,716.12
640,105,97,72331.7,96.0,1.01,745.69
835,117,112,85104.95999999999,98.0,1.143,759.87
221,105,96,69810.20000000001,142.0,0.676,727.19
724,113,104,73378.38,132.0,0.788,705.56
899,121,113,83381.45,104.0,1.087,737.89
712,95,83,63243.44,100.0,0.83,761.97
141,100,90,65232.59,84.0,1.071,724.81
859,111,98,69109.75,138.0,0.71,705.2
151,108,95,71660.45,128.0,0.742,754.32
608,113,109,84417.4,146.0,0.747,774.47
341,96,88,63548.93,64.0,1.375,722.15
433,115,104,75922.36,140.0,0.743,730.02
414,122,108,81267.87,62.0,1.742,752.48
592,92,78,54632.31,82.0,0.951,700.41
943,110,102,71744.7,128.0,0.797,703.38
801,103,90,70191.76,114.0,0.789,779.91
978,97,86,67018.16,76.0,1.132,779.28
953,116,104,69683.23000000001,132.0,0.788,670.03
334,120,107,85542.15999999999,128.0,0.836,799.46
751,105,94,66948.23999999999,118.0,0.797,712.22
200,108,92,67464.84,138.0,0.667,733.31
515,107,100,71604.08,142.0,0.704,716.04
735,103,92,72507.96999999999,130.0,0.708,788.13
272,97,84,56598.16000000001,156.0,0.538,673.79
680,108,99,74054.89,134.0,0.739,748.03
145,104,87,62368.59,216.0,0.403,716.88
376,129,117,89591.54999999999,76.0,1.539,765.74
488,107,99,72329.47,108.0,0.917,730.6
109,95,90,64571.2,112.0,0.804,717.46
254,128,118,88211.75999999998,104.0,1.135,747.56
487,109,99,71698.86,140.0,0.707,724.23
56,110,96,72337.81999999999,72.0,1.333,753.52
940,100,89,62627.89,78.0,1.141,703.68
378,112,102,74595.31,78.0,1.308,731.33
639,107,93,75857.66,82.0,1.134,815.67
655,102,87,66162.63,124.0,0.702,760.49
228,123,114,85455.98,100.0,1.14,749.61
478,125,114,84816.59,150.0,0.76,744.01
997,112,104,83362.49,104.0,1.0,801.56
213,114,102,73177.90000000001,180.0,0.567,717.43
534,99,89,65269.159999999996,132.0,0.674,733.36
303,90,76,52226.81999999999,124.0,0.613,687.19
749,114,102,73780.24,80.0,1.275,723.34
426,85,69,50700.65000000001,94.0,0.734,734.79
718,238,212,165278.77,226.0,0.938,779.62
574,103,91,67946.73999999999,146.0,0.623,746.67
708,111,101,72475.32,116.0,0.871,717.58
702,99,87,67086.97,160.0,0.544,771.11
170,121,107,67308.90999999999,100.0,1.07,629.06
807,112,100,74530.3,132.0,0.758,745.3
354,114,100,71598.35,126.0,0.794,715.98
611,88,76,55119.68000000001,80.0,0.95,725.26
668,106,97,70222.70000000001,150.0,0.647,723.95
783,108,101,77171.09000000001,134.0,0.754,764.07
612,109,92,70887.37000000001,88.0,1.045,770.51
304,110,102,77862.54,138.0,0.739,763.36
536,103,93,64127.590000000004,128.0,0.727,689.54
913,96,92,71124.43000000001,132.0,0.697,773.09
865,101,89,67870.34,106.0,0.84,762.59
105,100,89,67332.15,100.0,0.89,756.54
753,138,127,90971.37,164.0,0.774,716.31
298,99,87,70185.78,156.0,0.558,806.73
370,100,89,68781.38,142.0,0.627,772.82
58,101,92,66278.36000000002,106.0,0.868,720.42
837,106,97,75527.19999999998,96.0,1.01,778.63
726,128,112,82166.16,116.0,0.966,733.63
188,109,96,67620.19,82.0,1.171,704.38
11,106,96,70393.48,164.0,0.585,733.27
781,103,89,68676.22,124.0,0.718,771.64
33,102,94,73312.69000000002,118.0,0.797,779.92
575,107,97,69837.7,120.0,0.808,719.98
888,123,107,76317.53000000001,78.0,1.372,713.25
204,105,101,67785.57,102.0,0.99,671.14
872,113,98,77608.31,130.0,0.754,791.92
421,117,106,69692.07,98.0,1.082,657.47
369,114,99,74736.78000000001,108.0,0.917,754.92
150,117,113,88586.80999999998,112.0,1.009,783.95
541,110,97,66695.09999999999,64.0,1.516,687.58
110,111,102,72720.98999999999,78.0,1.308,712.95
413,117,105,75570.63999999998,178.0,0.59,719.72
83,92,80,60942.53000000001,136.0,0.588,761.78
825,110,99,67090.04,112.0,0.884,677.68
508,88,78,63904.65,158.0,0.494,819.29
260,95,79,53669.74,84.0,0.94,679.36
68,111,99,72480.12,90.0,1.1,732.12
71,109,99,70213.71,122.0,0.811,709.23
567,112,99,75649.22,98.0,1.01,764.13
106,102,92,69608.22,136.0,0.676,756.61
561,118,107,77659.61,150.0,0.713,725.79
525,96,83,58784.19,152.0,0.546,708.24
116,114,108,73306.12000000001,116.0,0.931,678.76
147,106,94,64708.91999999999,128.0,0.734,688.39
910,101,92,68396.47,106.0,0.868,743.44
638,106,92,72127.59,146.0,0.63,784.0
14,88,80,67702.94,120.0,0.667,846.29
600,124,116,84783.09,132.0,0.879,730.89
805,123,111,80461.67,182.0,0.61,724.88
198,102,90,63537.69,112.0,0.804,705.97
546,102,90,68460.81999999999,90.0,1.0,760.68
317,103,90,63450.369999999995,90.0,1.0,705.0
349,104,97,75481.59000000001,130.0,0.746,778.16
975,103,93,62207.79000000001,78.0,1.192,668.9
344,105,97,75046.61,82.0,1.183,773.68
657,105,85,63625.229999999996,120.0,0.708,748.53
424,106,96,75099.18000000001,164.0,0.585,782.28
123,102,90,72055.90000000001,108.0,0.833,800.62
379,105,92,70639.4,98.0,0.939,767.82
965,127,113,84842.31,112.0,1.009,750.82
342,123,111,82221.04,152.0,0.73,740.73
454,88,82,59682.96000000001,106.0,0.774,727.84
971,95,83,59549.52,170.0,0.488,717.46
832,119,114,83609.88,90.0,1.267,733.42
373,101,90,68734.55,84.0,1.071,763.72
690,106,91,66644.37000000001,72.0,1.264,732.36
242,79,69,53381.6,86.0,0.802,773.65
284,99,89,65697.31,118.0,0.754,738.17
199,118,106,80598.74,136.0,0.779,760.37
158,100,89,65649.43,78.0,1.141,737.63
270,83,74,56971.41999999999,162.0,0.457,769.88
522,121,108,85667.84999999999,186.0,0.581,793.22
135,105,85,60737.939999999995,148.0,0.574,714.56
248,115,105,83066.97999999998,68.0,1.544,791.11
499,115,102,75659.65999999999,176.0,0.58,741.76
902,96,92,75027.59000000001,140.0,0.657,815.52
119,109,98,74325.04000000001,134.0,0.731,758.42
909,115,102,78214.59,128.0,0.797,766.81
466,101,87,63935.67999999999,102.0,0.853,734.89
42,203,182,134516.12,206.0,0.883,739.1
566,110,101,73440.76,170.0,0.594,727.14
506,97,86,61265.56000000001,156.0,0.551,712.39
337,102,93,68924.59,106.0,0.877,741.12
2,100,90,67266.74999999999,122.0,0.738,747.41
765,99,85,65230.81,76.0,1.118,767.42
803,97,87,62482.93,100.0,0.87,718.19
79,98,92,63608.22,38.0,2.421,691.39
201,119,103,69635.58,98.0,1.051,676.07
778,113,104,81170.98000000001,152.0,0.684,780.49
892,100,89,66063.47,170.0,0.524,742.29
131,115,102,78286.99,132.0,0.773,767.52
276,111,97,72200.69,70.0,1.386,744.34
962,113,98,78874.83000000002,108.0,0.907,804.85
149,113,103,78294.68,180.0,0.572,760.14
999,95,81,63532.520000000004,138.0,0.587,784.35
365,115,98,76792.01,170.0,0.576,783.59
773,112,100,73542.54000000001,168.0,0.595,735.43
820,126,117,85581.38,134.0,0.873,731.46
905,127,116,83398.76,170.0,0.682,718.95
529,109,96,67716.75000000001,110.0,0.873,705.38
294,103,91,70287.15000000001,144.0,0.632,772.39
357,92,82,56776.16,84.0,0.976,692.39
573,123,109,81760.85000000002,86.0,1.267,750.1
118,108,97,72611.35,82.0,1.183,748.57
722,89,84,58841.15999999999,70.0,1.2,700.49
571,117,108,76734.13,106.0,1.019,710.5
281,111,99,72627.26000000001,106.0,0.934,733.61
124,103,94,67143.09,88.0,1.068,714.29
985,123,107,77897.5,100.0,1.07,728.01
30,125,114,82832.06000000001,68.0,1.676,726.6
942,125,107,80730.42,60.0,1.783,754.49
99,99,92,66225.89,96.0,0.958,719.85
901,101,88,63378.9,116.0,0.759,720.21
184,108,97,68856.09999999999,120.0,0.808,709.86
302,118,109,85428.98000000001,168.0,0.649,783.75
652,108,100,69399.93,178.0,0.562,694.0
815,96,85,65795.0,88.0,0.966,774.06
313,116,107,77319.43,140.0,0.764,722.61
915,114,103,70296.65,152.0,0.678,682.49
405,89,83,62035.520000000004,164.0,0.506,747.42
557,92,75,54675.44,166.0,0.452,729.01
700,99,87,64682.64000000001,96.0,0.906,743.48
682,100,93,69786.05,86.0,1.081,750.39
66,94,87,70340.69,166.0,0.524,808.51
67,107,93,66995.6,94.0,0.989,720.38
605,88,81,64882.85,110.0,0.736,801.02
802,100,86,61224.13,100.0,0.86,711.91
46,96,88,63637.38999999999,116.0,0.759,723.15
275,93,83,67518.23,86.0,0.965,813.47
282,108,105,75197.73999999998,204.0,0.515,716.17
186,122,108,81122.09,150.0,0.72,751.13
535,119,105,77464.03,82.0,1.28,737.75
894,131,119,94014.60999999999,94.0,1.266,790.04
873,106,85,62372.75,130.0,0.654,733.8
311,121,111,82150.86,174.0,0.638,740.1
681,98,91,72986.22,104.0,0.875,802.05
964,112,99,76944.24,134.0,0.739,777.21
632,111,102,68142.59,154.0,0.662,668.06
628,112,105,78512.54999999999,172.0,0.61,747.74
616,111,105,78049.34999999999,108.0,0.972,743.33
174,120,110,80671.23,160.0,0.688,733.37
410,119,107,78626.06,116.0,0.922,734.82
215,106,89,67865.92,182.0,0.489,762.54
996,93,83,60158.94,114.0,0.728,724.81
172,110,101,75947.44,130.0,0.777,751.95
716,108,96,71622.82,104.0,0.923,746.07
864,98,90,66859.90999999999,110.0,0.818,742.89
562,107,94,69844.91000000002,100.0,0.94,743.03
252,111,104,76258.6,66.0,1.576,733.26
551,115,104,83600.55,148.0,0.703,803.85
399,96,91,65003.42000000001,54.0,1.685,714.32
705,120,98,72850.3,128.0,0.766,743.37
153,115,106,78476.53000000001,94.0,1.128,740.34
851,123,112,80118.18000000001,86.0,1.302,715.34
144,107,88,71655.45000000001,148.0,0.595,814.27
420,105,95,62739.290000000015,138.0,0.688,660.41
785,115,99,71513.06999999999,98.0,1.01,722.35
670,105,88,64622.41999999999,148.0,0.595,734.35
745,115,103,68367.67,90.0,1.144,663.76
927,98,84,59511.380000000005,54.0,1.556,708.47
949,130,114,93969.69999999998,134.0,0.851,824.3
475,98,87,63842.200000000004,52.0,1.673,733.82
18,98,91,64685.71999999999,114.0,0.798,710.83
947,111,102,76991.1,88.0,1.159,754.81
138,100,89,67086.76999999999,132.0,0.674,753.78
74,109,96,72737.62999999999,158.0,0.608,757.68
755,112,104,77244.97,130.0,0.8,742.74
934,119,110,86626.98000000001,74.0,1.486,787.52
643,106,95,73966.12,130.0,0.731,778.59
932,111,97,71413.82,116.0,0.836,736.22
656,131,117,91306.23,144.0,0.813,780.4
180,110,98,72697.00000000001,124.0,0.79,741.81
917,86,79,64571.07,110.0,0.718,817.36
483,104,92,70628.20999999999,92.0,1.0,767.7
104,105,96,73901.48999999999,92.0,1.043,769.81
468,100,91,65110.93,88.0,1.034,715.5
878,112,98,74190.66,128.0,0.766,757.05
991,98,88,67261.02,114.0,0.772,764.33
134,127,116,82239.15,116.0,1.0,708.96
584,98,88,59801.399999999994,80.0,1.1,679.56
841,107,96,72689.26000000001,136.0,0.706,757.18
407,117,105,75369.66,114.0,0.921,717.81
788,97,89,68983.68000000001,110.0,0.809,775.1
521,100,90,65129.020000000004,100.0,0.9,723.66
701,86,80,56720.549999999996,112.0,0.714,709.01
617,99,94,70674.67,124.0,0.758,751.86
963,116,109,75836.16,94.0,1.16,695.74
36,101,91,64254.100000000006,110.0,0.827,706.09
393,110,99,69016.9,68.0,1.456,697.14
954,104,96,70144.81,148.0,0.649,730.68
187,107,93,70117.28,88.0,1.057,753.95
315,111,99,75766.41,106.0,0.934,765.32
208,82,74,56360.549999999996,134.0,0.552,761.63
422,98,90,65451.469999999994,128.0,0.703,727.24
401,108,91,72263.86000000002,146.0,0.623,794.11
517,94,83,56504.719999999994,86.0,0.965,680.78
89,107,101,72384.95999999999,108.0,0.935,716.68
