trip_date,city,pickup_zone,total_revenue,total_trips,avg_fare,avg_distance_km,revenue_per_trip
2026-06-27,Hyderabad,Hitech City,111965.48,145,772.175724137931,17.25875862068965,772.18
2026-07-09,Bengaluru,Electronic City,60981.08,86,709.0823255813954,15.923372093023257,709.08
2026-06-20,Bengaluru,HSR Layout,104238.93999999999,139,749.9204316546761,17.17568345323741,749.92
2026-06-19,Hyderabad,Airport,112677.09000000001,153,736.451568627451,15.992352941176472,736.45
2026-06-29,Hyderabad,Hitech City,97207.01999999999,135,720.0519999999999,15.853259259259259,720.05
2026-05-29,Bengaluru,Jayanagar,105598.54999999997,143,738.4513986013984,16.46944055944056,738.45
2026-07-07,Bengaluru,Electronic City,105063.83,138,761.3321014492753,17.977173913043476,761.33
2026-07-05,Bengaluru,Whitefield,96202.61,135,712.6119259259259,17.441629629629627,712.61
2026-07-06,Mumbai,Airport,77412.85,106,730.3099056603775,15.544905660377358,730.31
2026-06-11,Mumbai,Andheri,81112.54000000001,101,803.0944554455447,16.477326732673266,803.09
2026-06-27,Bengaluru,Whitefield,107164.81000000001,151,709.7007284768213,16.974635761589404,709.7
2026-07-03,Mumbai,Airport,89053.56,116,767.7031034482759,16.469137931034485,767.7
2026-05-24,Bengaluru,MG Road,28472.829999999998,41,694.4592682926829,19.892439024390242,694.46
2026-05-27,Bengaluru,Indiranagar,115209.01000000001,163,706.8037423312884,15.77865030674847,706.8
2026-05-24,Hyderabad,Gachibowli,40747.240000000005,56,727.6292857142859,16.821785714285717,727.63
2026-06-28,Bengaluru,Whitefield,78887.05,115,685.974347826087,15.457304347826087,685.97
2026-06-03,Bengaluru,Koramangala,100471.03000000001,137,733.365182481752,15.82839416058394,733.37
2026-06-20,Mumbai,Andheri,73648.56000000001,99,743.9248484848486,15.069090909090908,743.92
2026-06-05,Mumbai,Powai,78052.73000000001,111,703.1777477477478,17.93891891891892,703.18
2026-06-24,Bengaluru,MG Road,100036.21999999999,132,757.8501515151514,15.619469696969697,757.85
2026-06-23,Mumbai,Powai,78893.09,103,765.9523300970874,16.804660194174755,765.95
2026-05-27,Bengaluru,Whitefield,100719.15999999999,144,699.4386111111111,17.073541666666664,699.44
2026-06-22,Hyderabad,Hitech City,109459.49000000002,150,729.7299333333335,15.400266666666667,729.73
2026-06-11,Hyderabad,Gachibowli,109105.77,148,737.2011486486487,16.311756756756758,737.2
2026-07-08,Hyderabad,Gachibowli,115435.03,153,754.4773202614379,16.547581699346406,754.48
2026-07-04,Hyderabad,Hitech City,121132.45000000001,162,747.7311728395063,16.309012345679015,747.73
2026-06-30,Bengaluru,Marathahalli,113316.72,145,781.4946206896552,18.481724137931035,781.49
2026-06-29,Hyderabad,Airport,86144.19,120,717.86825,17.504,717.87
2026-05-31,Bengaluru,HSR Layout,102344.16999999998,145,705.8218620689654,17.930000000000003,705.82
2026-05-26,Bengaluru,Marathahalli,109908.96,149,737.6440268456377,16.959463087248324,737.64
2026-07-03,Mumbai,Andheri,68550.04999999999,89,770.2252808988762,16.148651685393258,770.23
2026-07-07,Mumbai,Powai,90418.35999999999,115,786.2466086956521,17.69608695652174,786.25
2026-06-28,Hyderabad,Hitech City,107924.77,152,710.0313815789474,15.659934210526318,710.03
2026-06-04,Bengaluru,Koramangala,92089.66,134,687.2362686567164,16.73141791044776,687.24
2026-06-14,Bengaluru,Indiranagar,107649.82,143,752.7959440559441,17.176153846153845,752.8
2026-05-26,Bengaluru,Airport,113550.60999999999,150,757.0040666666665,16.661199999999997,757.0
2026-07-04,Bengaluru,MG Road,93865.33,125,750.92264,17.47856,750.92
2026-06-18,Hyderabad,Hitech City,107035.01999999999,152,704.1777631578947,16.046447368421052,704.18
2026-06-19,Mumbai,Powai,67464.11,87,775.4495402298851,16.588045977011497,775.45
2026-06-09,Hyderabad,Hitech City,93091.27999999997,124,750.7361290322578,16.677419354838705,750.74
2026-06-25,Bengaluru,Koramangala,107909.32,152,709.9297368421053,17.755065789473687,709.93
2026-07-08,Mumbai,Andheri,63921.61,92,694.8001086956522,17.37586956521739,694.8
2026-06-23,Hyderabad,Gachibowli,110059.53999999998,156,705.5098717948716,16.702628205128207,705.51
2026-06-05,Mumbai,Andheri,69557.89,94,739.9775531914894,17.027553191489357,739.98
2026-06-11,Mumbai,Airport,82519.06,117,705.291111111111,16.172649572649572,705.29
2026-06-16,Mumbai,Bandra,84729.61,110,770.2691818181818,16.90172727272727,770.27
2026-06-25,Bengaluru,Jayanagar,108465.0,139,780.3237410071943,15.930431654676262,780.32
2026-06-12,Hyderabad,Gachibowli,103783.40000000001,144,720.7180555555556,15.419027777777776,720.72
2026-06-05,Mumbai,Bandra,73006.41,96,760.4834375,17.61614583333333,760.48
2026-06-22,Bengaluru,HSR Layout,97023.04000000001,135,718.6891851851852,16.299407407407408,718.69
2026-06-13,Mumbai,Airport,62353.06999999999,90,692.8118888888888,15.656111111111109,692.81
2026-06-30,Bengaluru,Indiranagar,90663.1,125,725.3048,16.471199999999996,725.3
2026-05-28,Bengaluru,Koramangala,91697.36,127,722.0264566929134,16.34637795275591,722.03
2026-06-27,Mumbai,Powai,71625.95000000001,100,716.2595000000001,16.390500000000003,716.26
2026-05-30,Mumbai,Airport,76803.31999999999,106,724.5596226415093,16.531037735849058,724.56
2026-05-25,Bengaluru,Marathahalli,119014.99,163,730.1533128834357,16.196564417177914,730.15
2026-06-06,Mumbai,Powai,74878.54000000001,95,788.1951578947369,15.639473684210529,788.2
2026-06-18,Bengaluru,Airport,103018.08,137,751.9567883211679,15.82919708029197,751.96
2026-05-29,Bengaluru,Koramangala,105328.48000000001,148,711.678918918919,16.78391891891892,711.68
2026-06-18,Bengaluru,Koramangala,98300.11,136,722.7949264705883,17.026985294117644,722.79
2026-06-18,Mumbai,Bandra,88811.44000000002,113,785.941946902655,16.446725663716816,785.94
2026-05-31,Bengaluru,Whitefield,108734.79000000001,151,720.0979470198675,16.31841059602649,720.1
2026-06-25,Bengaluru,Electronic City,99363.37999999999,137,725.2801459854014,16.913649635036496,725.28
2026-05-30,Bengaluru,Koramangala,109765.95999999999,146,751.8216438356163,15.994520547945207,751.82
2026-06-23,Mumbai,Airport,83120.05,114,729.1232456140351,15.95885964912281,729.12
2026-06-21,Hyderabad,Gachibowli,128603.88,158,813.9486075949368,16.7993670886076,813.95
2026-06-03,Mumbai,Bandra,86760.76,112,774.6496428571428,17.59767857142857,774.65
2026-06-16,Bengaluru,Indiranagar,130567.15,177,737.6675141242938,17.291073446327683,737.67
2026-07-07,Bengaluru,MG Road,109004.98000000001,146,746.6094520547946,16.86089041095891,746.61
2026-06-25,Mumbai,Powai,62032.39,84,738.4808333333333,16.059642857142858,738.48
2026-06-28,Bengaluru,Airport,84284.72999999998,115,732.9106956521738,17.33008695652174,732.91
2026-05-27,Hyderabad,Airport,89639.70999999999,125,717.11768,15.678799999999999,717.12
2026-06-08,Mumbai,Andheri,74461.07,103,722.9230097087379,16.63873786407767,722.92
2026-06-28,Bengaluru,HSR Layout,115125.98,145,793.972275862069,17.214344827586206,793.97
2026-06-16,Bengaluru,Whitefield,101905.0,139,733.1294964028777,17.162230215827336,733.13
2026-06-03,Bengaluru,Whitefield,104689.73999999999,138,758.621304347826,17.639347826086958,758.62
2026-06-11,Bengaluru,MG Road,118811.86999999997,159,747.2444654088048,15.521509433962267,747.24
2026-06-02,Bengaluru,Indiranagar,93837.22,129,727.4203100775194,15.72139534883721,727.42
2026-05-28,Hyderabad,Hitech City,101786.31,136,748.42875,16.727058823529408,748.43
2026-05-24,Hyderabad,Hitech City,37123.14000000001,53,700.436603773585,16.638867924528302,700.44
2026-06-30,Hyderabad,Airport,112172.31000000001,140,801.2307857142858,17.576142857142855,801.23
2026-07-06,Bengaluru,Whitefield,108439.48,148,732.6991891891892,15.803513513513513,732.7
2026-05-29,Bengaluru,HSR Layout,83895.14000000001,123,682.0743089430896,16.525853658536587,682.07
2026-07-03,Bengaluru,Koramangala,108862.42000000001,145,750.7753103448276,16.0811724137931,750.78
2026-05-31,Bengaluru,Electronic City,99929.63,137,729.4133576642336,17.00109489051095,729.41
2026-06-13,Bengaluru,Indiranagar,96526.81999999999,138,699.4697101449275,17.36152173913044,699.47
2026-07-02,Bengaluru,Airport,105236.64999999998,135,779.5307407407406,15.912074074074072,779.53
2026-06-15,Mumbai,Bandra,93951.76999999999,121,776.460909090909,16.359669421487602,776.46
2026-06-30,Bengaluru,HSR Layout,115223.7,169,681.7970414201184,17.59437869822485,681.8
2026-06-22,Bengaluru,Airport,125587.53,174,721.7674137931034,17.254712643678157,721.77
2026-05-25,Bengaluru,Whitefield,103150.43000000001,138,747.466884057971,16.045724637681158,747.47
2026-06-03,Mumbai,Airport,72456.73,100,724.5672999999999,17.076900000000002,724.57
2026-05-28,Bengaluru,Electronic City,106125.13,141,752.6604964539007,16.51595744680851,752.66
2026-06-26,Bengaluru,HSR Layout,101832.42,139,732.6073381294964,16.603309352517986,732.61
2026-05-24,Hyderabad,Airport,34041.61,49,694.7267346938776,16.601020408163265,694.73
2026-06-07,Bengaluru,HSR Layout,102847.39999999998,138,745.2710144927535,16.13550724637681,745.27
2026-06-14,Mumbai,Powai,67092.59000000001,90,745.4732222222224,15.77966666666667,745.47
2026-07-02,Bengaluru,Electronic City,102136.34,137,745.5207299270073,16.614160583941604,745.52
2026-06-18,Mumbai,Airport,80068.58,107,748.3044859813084,17.229345794392525,748.3
2026-06-01,Mumbai,Powai,66486.44999999998,92,722.6788043478259,17.6875,722.68
2026-07-02,Hyderabad,Hitech City,116763.44,147,794.3091156462585,16.643673469387753,794.31
2026-05-26,Bengaluru,Electronic City,112921.49,148,762.9830405405406,16.575945945945943,762.98
2026-06-27,Bengaluru,Marathahalli,115527.26000000002,156,740.5593589743592,17.12647435897436,740.56
2026-06-21,Mumbai,Powai,77610.85,98,791.9474489795919,17.031632653061227,791.95
2026-06-12,Bengaluru,Marathahalli,119899.71999999999,161,744.7187577639751,16.637329192546588,744.72
2026-07-07,Bengaluru,Koramangala,115012.65,161,714.3642857142856,15.411490683229813,714.36
2026-06-27,Mumbai,Airport,67173.07,95,707.0849473684211,17.862947368421054,707.08
2026-06-08,Bengaluru,Jayanagar,123367.87000000001,158,780.8093037974684,16.115949367088607,780.81
2026-06-16,Bengaluru,MG Road,108414.19,149,727.6120134228188,16.024697986577184,727.61
2026-05-25,Bengaluru,Jayanagar,125829.96,155,811.8061935483871,15.849225806451614,811.81
2026-05-31,Bengaluru,Jayanagar,83139.49,118,704.5719491525424,16.517457627118645,704.57
2026-06-03,Mumbai,Powai,71720.83,87,824.3773563218391,15.796436781609197,824.38
2026-06-25,Hyderabad,Airport,105079.66999999998,142,739.9976760563379,16.71767605633803,740.0
2026-07-08,Bengaluru,Koramangala,99025.71999999999,137,722.8154744525547,17.666496350364962,722.82
2026-06-17,Hyderabad,Airport,115828.30999999998,143,809.9881818181817,16.084895104895107,809.99
2026-06-14,Bengaluru,Electronic City,106845.35999999997,141,757.7685106382977,16.003475177304963,757.77
2026-07-01,Mumbai,Airport,76046.86,103,738.3190291262136,18.72009708737864,738.32
2026-06-03,Bengaluru,Jayanagar,90851.83999999998,122,744.687213114754,16.60549180327869,744.69
2026-06-11,Hyderabad,Hitech City,95500.66999999998,128,746.0989843749999,16.099687499999998,746.1
2026-07-02,Bengaluru,Whitefield,104116.36,138,754.4663768115942,16.344782608695652,754.47
2026-06-13,Mumbai,Andheri,76950.80000000002,103,747.0951456310681,17.927087378640778,747.1
2026-06-29,Mumbai,Airport,76915.3,93,827.0462365591399,14.49505376344086,827.05
2026-06-24,Mumbai,Andheri,64565.92000000001,94,686.8714893617023,16.182872340425533,686.87
2026-05-26,Hyderabad,Hitech City,106018.11000000002,147,721.2116326530613,17.917891156462584,721.21
2026-06-29,Bengaluru,HSR Layout,101874.07999999999,139,732.9070503597121,18.304892086330938,732.91
2026-06-11,Bengaluru,Indiranagar,104688.84999999999,146,717.0469178082191,17.508287671232875,717.05
2026-07-01,Bengaluru,Electronic City,118570.50000000001,156,760.0673076923077,15.8175,760.07
2026-06-22,Mumbai,Andheri,76122.95,99,768.9186868686868,16.489595959595956,768.92
2026-07-05,Bengaluru,HSR Layout,138974.7,169,822.3355029585799,16.990532544378695,822.34
2026-06-04,Mumbai,Andheri,81837.15,115,711.6273913043477,16.004434782608698,711.63
2026-06-13,Bengaluru,Koramangala,99112.1,145,683.5317241379311,16.722620689655177,683.53
2026-06-26,Mumbai,Powai,72725.25,96,757.5546875,14.7575,757.55
2026-06-02,Bengaluru,MG Road,114422.3,158,724.1917721518987,16.135506329113927,724.19
2026-06-14,Bengaluru,HSR Layout,105336.64,150,702.2442666666667,16.2054,702.24
2026-07-05,Mumbai,Bandra,77257.46,100,772.5746,16.236,772.57
2026-05-28,Bengaluru,MG Road,114850.21000000002,147,781.2939455782314,16.3756462585034,781.29
2026-06-08,Mumbai,Bandra,75042.0,108,694.8333333333334,15.889166666666664,694.83
2026-06-24,Bengaluru,HSR Layout,105511.9,149,708.1335570469798,17.21765100671141,708.13
2026-05-31,Bengaluru,Indiranagar,96606.14,131,737.4514503816794,16.535267175572518,737.45
2026-06-19,Bengaluru,Koramangala,108946.96000000002,150,726.3130666666668,16.34006666666667,726.31
2026-06-09,Bengaluru,Jayanagar,99024.23000000001,135,733.5128148148149,16.575407407407408,733.51
2026-06-08,Mumbai,Powai,70455.04,98,718.9289795918367,17.619591836734696,718.93
2026-06-12,Bengaluru,MG Road,107415.37999999998,145,740.7957241379308,16.541448275862066,740.8
2026-05-29,Hyderabad,Gachibowli,99069.76999999999,144,687.9845138888888,15.20173611111111,687.98
2026-06-21,Bengaluru,Electronic City,105284.86999999998,150,701.8991333333332,16.302066666666665,701.9
2026-06-17,Bengaluru,Marathahalli,104797.07,139,753.9357553956835,15.357194244604313,753.94
2026-06-20,Bengaluru,Marathahalli,94413.39000000001,131,720.7129007633589,15.016793893129769,720.71
2026-06-18,Bengaluru,HSR Layout,100884.37,131,770.1096946564885,17.17450381679389,770.11
2026-07-08,Bengaluru,Electronic City,109707.29000000001,150,731.3819333333333,16.929466666666666,731.38
2026-06-18,Bengaluru,Jayanagar,91169.96999999999,123,741.2192682926828,16.0609756097561,741.22
2026-05-25,Mumbai,Andheri,73730.69,106,695.5725471698113,16.81245283018868,695.57
2026-07-05,Hyderabad,Airport,104568.42000000001,139,752.2907913669065,17.279496402877697,752.29
2026-06-19,Mumbai,Bandra,75841.57,109,695.7942201834863,16.884403669724772,695.79
2026-06-01,Hyderabad,Hitech City,98996.34999999999,134,738.7787313432835,16.219402985074623,738.78
2026-06-11,Mumbai,Powai,66981.5,94,712.5691489361702,15.34436170212766,712.57
2026-06-16,Bengaluru,Koramangala,88258.24,119,741.6658823529413,16.227563025210085,741.67
2026-06-09,Bengaluru,Whitefield,87637.2,123,712.4975609756098,17.260894308943087,712.5
2026-05-29,Mumbai,Airport,73851.81,100,738.5181,15.993,738.52
2026-07-07,Bengaluru,HSR Layout,100241.91999999998,146,686.5884931506848,17.739931506849317,686.59
2026-05-27,Bengaluru,HSR Layout,98601.36,134,735.8310447761194,15.65977611940298,735.83
2026-07-08,Mumbai,Bandra,77611.44,112,692.9592857142858,15.319732142857145,692.96
2026-06-27,Bengaluru,MG Road,101613.87999999999,136,747.1608823529411,15.78264705882353,747.16
2026-05-30,Bengaluru,MG Road,124119.93000000001,164,756.8288414634147,17.375121951219516,756.83
2026-07-04,Hyderabad,Gachibowli,92393.90999999999,129,716.2318604651161,16.651240310077522,716.23
2026-06-24,Bengaluru,Indiranagar,106342.34999999999,148,718.5293918918918,17.032500000000002,718.53
2026-05-25,Bengaluru,MG Road,112308.45999999999,149,753.7480536912751,17.11006711409396,753.75
2026-05-31,Hyderabad,Gachibowli,113829.42999999998,137,830.8717518248174,16.566642335766424,830.87
2026-06-05,Bengaluru,Jayanagar,112375.04000000001,149,754.1948993288592,16.75570469798658,754.19
2026-05-28,Hyderabad,Gachibowli,78981.73,112,705.1940178571429,17.104464285714283,705.19
2026-06-04,Mumbai,Airport,76744.79,101,759.849405940594,17.54772277227723,759.85
2026-07-02,Mumbai,Powai,74635.13,104,717.6454807692309,16.715961538461535,717.65
2026-06-23,Bengaluru,HSR Layout,111253.22,141,789.0299290780142,17.32248226950355,789.03
2026-06-29,Bengaluru,Airport,103822.26000000001,131,792.5363358778627,16.89610687022901,792.54
2026-05-28,Bengaluru,Jayanagar,105460.48999999999,154,684.8083766233766,17.28948051948052,684.81
2026-06-03,Mumbai,Andheri,72778.58,106,686.5903773584906,16.688113207547172,686.59
2026-05-31,Hyderabad,Hitech City,110948.39,150,739.6559333333333,17.243466666666666,739.66
2026-06-27,Bengaluru,Jayanagar,107929.03,144,749.5071527777777,16.78,749.51
2026-06-07,Bengaluru,Airport,121072.81,165,733.7746060606061,15.676666666666668,733.77
2026-06-07,Bengaluru,Marathahalli,99689.90000000001,133,749.548120300752,16.343984962406015,749.55
2026-07-08,Hyderabad,Hitech City,98638.48999999999,137,719.9889781021897,16.249416058394157,719.99
2026-06-23,Bengaluru,Whitefield,117290.52,152,771.6481578947369,15.545263157894734,771.65
2026-06-02,Bengaluru,Electronic City,87877.49000000002,124,708.6894354838711,16.07959677419355,708.69
2026-06-02,Bengaluru,Koramangala,94215.13999999998,124,759.7995161290321,16.096532258064517,759.8
2026-06-10,Mumbai,Andheri,71807.16,104,690.4534615384616,17.114326923076923,690.45
2026-06-01,Bengaluru,Jayanagar,102602.48,147,697.9760544217687,16.00326530612245,697.98
2026-06-06,Hyderabad,Airport,95193.15,131,726.6652671755725,15.082824427480917,726.67
2026-06-07,Mumbai,Andheri,70210.29000000001,92,763.1553260869566,16.41336956521739,763.16
2026-07-09,Bengaluru,MG Road,61646.26,85,725.2501176470588,17.806588235294118,725.25
2026-07-03,Hyderabad,Hitech City,112128.25000000001,143,784.1136363636365,16.214545454545455,784.11
2026-06-27,Bengaluru,Electronic City,93722.08999999998,125,749.7767199999998,16.10448,749.78
2026-05-29,Bengaluru,Airport,117075.44999999998,158,740.9838607594936,16.18120253164557,740.98
2026-05-28,Hyderabad,Airport,110550.65,152,727.3069078947368,15.546447368421052,727.31
2026-06-25,Bengaluru,HSR Layout,113392.95999999999,152,746.0063157894737,17.50052631578947,746.01
2026-07-05,Mumbai,Airport,59433.82000000001,86,691.0909302325582,16.46988372093023,691.09
2026-07-06,Bengaluru,Airport,98176.46,139,706.3054676258994,17.324820143884892,706.31
2026-06-22,Bengaluru,Indiranagar,106436.77999999998,155,686.6889032258064,17.276838709677417,686.69
2026-05-28,Mumbai,Powai,61697.22,83,743.34,17.149879518072286,743.34
2026-06-27,Bengaluru,Indiranagar,122516.95000000001,159,770.546855345912,15.747106918238996,770.55
2026-06-08,Bengaluru,Whitefield,109243.37999999998,142,769.3195774647886,16.470140845070425,769.32
2026-07-04,Bengaluru,Whitefield,106468.70999999999,136,782.8581617647059,16.92933823529412,782.86
2026-06-21,Bengaluru,Airport,110533.23,147,751.9267346938775,16.728163265306122,751.93
2026-07-07,Bengaluru,Marathahalli,105891.72,153,692.1027450980392,16.095228758169934,692.1
2026-06-25,Bengaluru,Indiranagar,89639.83,125,717.11864,15.282960000000001,717.12
2026-06-01,Bengaluru,Whitefield,106415.71999999999,144,738.9980555555554,16.62368055555556,739.0
2026-06-06,Bengaluru,HSR Layout,102372.55999999998,140,731.2325714285713,16.338214285714287,731.23
2026-06-05,Mumbai,Airport,69750.9,102,683.8323529411764,16.41970588235294,683.83
2026-06-04,Bengaluru,Jayanagar,109120.47000000002,145,752.5549655172415,16.381103448275862,752.55
2026-07-03,Hyderabad,Airport,103116.97,140,736.5497857142857,15.865642857142854,736.55
2026-06-15,Bengaluru,HSR Layout,101749.14,144,706.59125,16.018472222222222,706.59
2026-07-07,Bengaluru,Indiranagar,98806.64,131,754.2491603053435,16.33847328244275,754.25
2026-07-05,Hyderabad,Hitech City,95763.39,136,704.1425735294117,16.578676470588235,704.14
2026-06-19,Bengaluru,Airport,97460.20999999999,135,721.9274814814814,16.49637037037037,721.93
2026-06-16,Mumbai,Powai,58585.969999999994,84,697.4520238095238,16.444761904761904,697.45
2026-06-20,Bengaluru,Jayanagar,101208.26999999999,142,712.7342957746478,17.488591549295773,712.73
2026-06-22,Hyderabad,Gachibowli,81881.73,119,688.0817647058823,14.45126050420168,688.08
2026-05-25,Bengaluru,Electronic City,85182.38,115,740.716347826087,15.778173913043476,740.72
2026-06-02,Bengaluru,Jayanagar,102114.66,131,779.5012213740458,15.949618320610687,779.5
2026-07-01,Bengaluru,Koramangala,116192.67,153,759.4292156862745,16.73535947712418,759.43
2026-07-06,Mumbai,Bandra,82108.65000000001,109,753.2903669724772,16.754311926605503,753.29
2026-06-17,Hyderabad,Gachibowli,103715.69,146,710.3814383561644,16.55472602739726,710.38
2026-05-31,Mumbai,Bandra,70169.17,95,738.6228421052631,16.99042105263158,738.62
2026-06-11,Bengaluru,Airport,108834.12999999999,166,655.6272891566265,16.7644578313253,655.63
2026-06-23,Bengaluru,Jayanagar,125126.96,151,828.6553642384106,16.570860927152317,828.66
2026-06-16,Mumbai,Airport,69850.76,94,743.0931914893616,17.671382978723404,743.09
2026-06-09,Bengaluru,Marathahalli,87079.50000000001,124,702.2540322580646,15.726451612903226,702.25
2026-05-31,Mumbai,Andheri,92524.3,119,777.5151260504202,17.406722689075632,777.52
2026-07-04,Bengaluru,Koramangala,110760.37999999999,152,728.6867105263158,17.10546052631579,728.69
2026-06-21,Bengaluru,MG Road,117542.34000000001,163,721.1186503067486,16.082822085889568,721.12
2026-06-10,Mumbai,Bandra,90317.43,114,792.2581578947368,17.088157894736845,792.26
2026-05-26,Mumbai,Powai,98579.87000000001,125,788.6389600000001,16.18264,788.64
2026-06-05,Bengaluru,Airport,90233.52,126,716.1390476190477,16.662142857142857,716.14
2026-06-28,Mumbai,Airport,77958.18000000001,102,764.2958823529412,16.35892156862745,764.3
2026-06-16,Hyderabad,Hitech City,100087.42000000001,136,735.936911764706,17.033602941176472,735.94
2026-07-03,Bengaluru,Electronic City,103778.95999999999,135,768.733037037037,16.455629629629627,768.73
2026-05-30,Bengaluru,Electronic City,108470.12,140,774.7865714285714,15.281857142857143,774.79
2026-05-31,Bengaluru,Marathahalli,80052.77999999998,110,727.7525454545453,17.25618181818182,727.75
2026-06-13,Bengaluru,Marathahalli,105583.15999999997,142,743.5433802816899,15.81147887323944,743.54
2026-07-07,Mumbai,Airport,71352.77,97,735.5955670103093,16.265154639175254,735.6
2026-06-13,Bengaluru,HSR Layout,116208.34,156,744.9252564102563,16.02570512820513,744.93
2026-06-28,Mumbai,Bandra,85421.93,114,749.3151754385964,16.512456140350874,749.32
2026-07-01,Bengaluru,Indiranagar,99922.56999999999,139,718.8674100719423,16.311294964028775,718.87
2026-06-26,Hyderabad,Airport,114761.40999999999,148,775.4149324324324,15.460405405405405,775.41
2026-06-14,Bengaluru,Marathahalli,116943.41000000002,152,769.3645394736843,15.657828947368422,769.36
2026-06-20,Hyderabad,Hitech City,107845.31,150,718.9687333333333,16.234399999999997,718.97
2026-06-22,Bengaluru,Electronic City,88328.20999999999,116,761.4500862068965,16.367758620689656,761.45
2026-06-17,Bengaluru,Koramangala,88377.09999999999,124,712.7185483870967,17.56766129032258,712.72
2026-07-03,Mumbai,Powai,78499.91999999998,112,700.8921428571427,17.65642857142857,700.89
2026-06-18,Mumbai,Andheri,71465.19000000002,96,744.4290625000002,15.403124999999998,744.43
2026-06-08,Bengaluru,Indiranagar,119722.75999999997,163,734.4954601226992,15.570981595092025,734.5
2026-06-20,Bengaluru,Airport,108096.75000000001,145,745.494827586207,16.79848275862069,745.49
2026-06-26,Bengaluru,Whitefield,102465.26000000001,134,764.6661194029851,16.899029850746267,764.67
2026-06-20,Bengaluru,MG Road,102650.37999999999,128,801.9560937499999,17.36984375,801.96
2026-05-29,Bengaluru,Indiranagar,100145.39000000001,136,736.363161764706,17.04955882352941,736.36
2026-06-10,Bengaluru,Electronic City,94718.19,134,706.8521641791045,16.948582089552236,706.85
2026-05-30,Hyderabad,Airport,97832.91000000002,133,735.5857894736844,16.500902255639097,735.59
2026-06-18,Mumbai,Powai,90532.15,125,724.2571999999999,17.636719999999997,724.26
2026-06-28,Mumbai,Andheri,79723.66,101,789.3431683168317,16.103762376237626,789.34
2026-06-05,Hyderabad,Gachibowli,107953.38,142,760.2350704225353,15.33380281690141,760.24
2026-06-13,Bengaluru,Airport,107872.44999999998,130,829.7880769230768,17.17323076923077,829.79
2026-06-07,Mumbai,Airport,83801.72,115,728.7106086956522,16.189999999999998,728.71
2026-06-29,Bengaluru,MG Road,102778.55,144,713.7399305555556,17.80951388888889,713.74
2026-06-14,Mumbai,Bandra,90191.04000000002,122,739.2708196721313,16.250081967213113,739.27
2026-05-31,Mumbai,Powai,70981.01,91,780.0110989010989,15.99945054945055,780.01
2026-06-15,Hyderabad,Hitech City,97777.26999999999,138,708.5309420289855,16.079275362318842,708.53
2026-06-02,Mumbai,Bandra,82767.37999999999,110,752.4307272727272,17.341454545454543,752.43
2026-06-10,Bengaluru,MG Road,89444.18000000001,118,758.0015254237288,16.368135593220337,758.0
2026-05-31,Bengaluru,Koramangala,99579.31,138,721.5892028985508,17.256159420289855,721.59
2026-06-16,Hyderabad,Airport,98939.10999999999,140,706.7079285714285,17.29907142857143,706.71
2026-07-09,Hyderabad,Hitech City,63202.509999999995,95,665.2895789473683,17.216736842105263,665.29
2026-06-20,Mumbai,Bandra,74378.04000000001,109,682.3673394495413,16.34422018348624,682.37
2026-06-02,Mumbai,Airport,79997.17,102,784.2859803921568,17.725196078431374,784.29
2026-06-26,Hyderabad,Gachibowli,95322.18,149,639.7461744966442,17.256442953020134,639.75
2026-05-28,Mumbai,Airport,71791.42,99,725.1658585858586,15.673737373737376,725.17
2026-06-05,Hyderabad,Hitech City,104291.81,153,681.645816993464,17.03326797385621,681.65
2026-06-21,Bengaluru,Indiranagar,95768.91,133,720.066992481203,17.119624060150375,720.07
2026-07-05,Hyderabad,Gachibowli,90258.26,125,722.0660799999999,15.47256,722.07
2026-06-12,Bengaluru,HSR Layout,99209.11,136,729.47875,16.023235294117647,729.48
2026-06-14,Mumbai,Airport,86311.93,111,777.5849549549549,16.676846846846846,777.58
2026-06-14,Bengaluru,Jayanagar,97134.93999999999,124,783.3462903225806,16.441451612903226,783.35
2026-06-06,Mumbai,Andheri,76294.40000000001,104,733.6000000000001,17.400673076923077,733.6
2026-06-28,Hyderabad,Gachibowli,107038.19,150,713.5879333333334,16.356466666666666,713.59
2026-06-11,Hyderabad,Airport,107197.54,143,749.6331468531469,15.951118881118882,749.63
2026-05-27,Mumbai,Bandra,92357.37,123,750.8729268292683,16.233739837398375,750.87
2026-05-30,Bengaluru,Airport,99433.45999999999,140,710.2389999999999,17.230642857142854,710.24
2026-06-02,Bengaluru,Whitefield,86042.58,131,656.8135877862595,17.134961832061066,656.81
2026-07-01,Hyderabad,Hitech City,122081.43,155,787.622129032258,16.622967741935486,787.62
2026-06-30,Bengaluru,Jayanagar,99166.21999999999,132,751.2592424242423,16.732045454545457,751.26
2026-06-20,Bengaluru,Koramangala,114396.24,149,767.76,16.761812080536913,767.76
2026-05-28,Bengaluru,Whitefield,94702.22,126,751.6049206349206,15.473492063492063,751.6
2026-06-08,Hyderabad,Gachibowli,97773.24,133,735.1371428571429,17.76924812030075,735.14
2026-07-02,Bengaluru,Koramangala,104309.95999999999,147,709.5915646258503,16.494421768707483,709.59
2026-06-02,Mumbai,Andheri,81497.73999999999,102,798.997450980392,16.21245098039216,799.0
2026-06-04,Mumbai,Bandra,85622.47,118,725.6141525423728,16.60542372881356,725.61
2026-06-05,Hyderabad,Airport,94287.82,132,714.3016666666667,16.227121212121208,714.3
2026-06-28,Bengaluru,Marathahalli,109409.18,140,781.4941428571428,17.017357142857144,781.49
2026-07-04,Bengaluru,Airport,117347.67,155,757.0817419354838,16.43922580645161,757.08
2026-06-17,Bengaluru,Indiranagar,84722.44,118,717.986779661017,16.609237288135592,717.99
2026-07-03,Bengaluru,MG Road,105297.35,146,721.2147260273973,17.245753424657536,721.21
2026-07-03,Bengaluru,Airport,102871.63,141,729.5860283687944,16.7186524822695,729.59
2026-06-29,Bengaluru,Koramangala,92960.29,122,761.9695901639344,15.784672131147541,761.97
2026-05-25,Mumbai,Airport,90763.9,115,789.251304347826,17.10904347826087,789.25
2026-07-03,Bengaluru,Marathahalli,106095.75000000001,134,791.759328358209,15.956194029850744,791.76
2026-07-07,Bengaluru,Airport,98344.51000000001,130,756.4962307692308,16.420846153846153,756.5
2026-06-30,Bengaluru,Electronic City,91938.05999999998,127,723.9217322834644,16.480866141732285,723.92
2026-05-28,Bengaluru,HSR Layout,113901.12000000001,143,796.5113286713288,16.913986013986015,796.51
2026-06-09,Bengaluru,Indiranagar,114396.89,146,783.5403424657534,15.702739726027396,783.54
2026-07-07,Bengaluru,Whitefield,93741.14,128,732.35265625,16.422265625,732.35
2026-06-08,Bengaluru,Airport,105686.27,148,714.096418918919,16.34182432432432,714.1
2026-05-26,Bengaluru,Koramangala,104837.70000000001,146,718.0664383561644,17.210410958904113,718.07
2026-05-25,Hyderabad,Gachibowli,101681.21,137,742.1986131386861,16.302700729927007,742.2
2026-06-22,Mumbai,Powai,67205.13,98,685.7666326530613,14.159387755102042,685.77
2026-06-15,Hyderabad,Gachibowli,100638.23999999999,133,756.6784962406015,17.78842105263158,756.68
2026-06-22,Mumbai,Airport,73358.81999999999,97,756.2764948453607,14.177422680412372,756.28
2026-06-11,Bengaluru,Koramangala,99805.77,131,761.876106870229,16.90160305343511,761.88
2026-06-12,Bengaluru,Jayanagar,89927.72,121,743.2042975206612,16.0399173553719,743.2
2026-07-03,Mumbai,Bandra,84056.09,107,785.5709345794393,16.082336448598127,785.57
2026-06-13,Bengaluru,MG Road,89510.1,118,758.5601694915255,16.278813559322035,758.56
2026-05-31,Bengaluru,Airport,96803.39000000001,131,738.9571755725192,17.488167938931298,738.96
2026-06-04,Bengaluru,Whitefield,96481.43,131,736.4994656488549,17.226106870229007,736.5
2026-06-12,Bengaluru,Electronic City,104689.01,131,799.152748091603,17.069236641221377,799.15
2026-06-01,Bengaluru,Koramangala,118157.6,160,738.485,16.11875,738.49
2026-07-01,Bengaluru,Jayanagar,102830.68000000001,132,779.0203030303031,16.587575757575756,779.02
2026-05-24,Mumbai,Andheri,20492.8,27,758.9925925925926,17.348148148148148,758.99
2026-06-30,Mumbai,Bandra,71585.52,98,730.4644897959184,15.73744897959184,730.46
2026-07-04,Bengaluru,Electronic City,85386.09999999999,123,694.1959349593495,16.49170731707317,694.2
2026-06-25,Bengaluru,MG Road,109585.86,150,730.5724,15.787999999999998,730.57
2026-06-09,Bengaluru,Koramangala,97185.85,134,725.2675373134329,17.316940298507465,725.27
2026-05-28,Mumbai,Andheri,83358.98999999999,114,731.2192105263157,16.259912280701755,731.22
2026-07-01,Mumbai,Bandra,92508.02,122,758.2624590163934,15.679590163934428,758.26
2026-05-31,Mumbai,Airport,70384.70000000001,100,703.8470000000001,17.7483,703.85
2026-06-07,Mumbai,Bandra,70555.03999999998,92,766.9026086956519,14.696739130434784,766.9
2026-07-01,Mumbai,Powai,89937.81000000001,114,788.928157894737,16.178684210526317,788.93
2026-06-13,Mumbai,Powai,79115.1,107,739.3934579439253,17.018785046728972,739.39
2026-06-17,Bengaluru,Electronic City,93335.66,131,712.4859541984733,16.125190839694657,712.49
2026-06-22,Bengaluru,Whitefield,85227.04000000001,120,710.2253333333334,16.213083333333334,710.23
2026-06-15,Bengaluru,Airport,97878.91,131,747.167251908397,16.156488549618317,747.17
2026-05-27,Mumbai,Andheri,84276.44,112,752.4682142857143,15.518214285714285,752.47
2026-06-20,Bengaluru,Indiranagar,109100.75999999998,145,752.4190344827584,16.71262068965517,752.42
2026-06-27,Hyderabad,Gachibowli,108538.48,145,748.5412413793103,15.76944827586207,748.54
2026-06-06,Bengaluru,Indiranagar,93220.93,133,700.9092481203007,16.535864661654138,700.91
2026-06-16,Bengaluru,Jayanagar,108278.76,151,717.077880794702,15.933245033112584,717.08
2026-06-19,Bengaluru,MG Road,92984.43,130,715.2648461538461,18.330846153846156,715.26
2026-06-13,Bengaluru,Jayanagar,108641.12000000001,151,719.4776158940398,16.772384105960267,719.48
2026-06-27,Mumbai,Andheri,87211.39,117,745.3964957264957,16.131880341880343,745.4
2026-07-06,Bengaluru,MG Road,98257.56000000001,136,722.4820588235295,17.230882352941176,722.48
2026-07-06,Mumbai,Andheri,77703.48,106,733.0516981132075,15.40688679245283,733.05
2026-07-03,Bengaluru,Jayanagar,102075.59,142,718.8421830985915,17.403028169014085,718.84
2026-06-24,Hyderabad,Airport,86680.62999999999,118,734.5816101694915,16.35728813559322,734.58
2026-06-03,Bengaluru,Marathahalli,123729.00999999998,160,773.3063124999999,16.2944375,773.31
2026-05-29,Bengaluru,MG Road,97078.03000000001,126,770.4605555555556,15.543412698412698,770.46
2026-06-06,Bengaluru,Electronic City,98796.98999999999,131,754.1754961832061,16.611297709923665,754.18
2026-05-25,Hyderabad,Hitech City,96159.6,136,707.0558823529412,15.65779411764706,707.06
2026-06-09,Hyderabad,Gachibowli,85288.48000000001,123,693.4022764227643,16.042845528455285,693.4
2026-06-02,Mumbai,Powai,65338.83000000001,85,768.6921176470589,16.66164705882353,768.69
2026-06-16,Bengaluru,HSR Layout,99044.50999999998,138,717.71384057971,15.940652173913046,717.71
2026-06-09,Hyderabad,Airport,105966.09999999999,141,751.5326241134751,17.787163120567378,751.53
2026-07-06,Hyderabad,Airport,88642.21,124,714.8565322580646,17.937580645161287,714.86
2026-06-27,Bengaluru,Koramangala,104017.91,140,742.9850714285715,15.947642857142858,742.99
2026-06-19,Bengaluru,Marathahalli,110802.95999999999,146,758.9243835616438,15.214520547945206,758.92
2026-06-09,Bengaluru,MG Road,98337.20000000001,137,717.7897810218979,16.576861313868612,717.79
2026-06-23,Bengaluru,Indiranagar,101509.23,145,700.0636551724137,16.50655172413793,700.06
2026-07-06,Bengaluru,Electronic City,112594.84000000001,156,721.7617948717949,17.05185897435897,721.76
2026-06-16,Hyderabad,Gachibowli,86540.90000000001,121,715.2140495867769,16.37454545454545,715.21
2026-06-08,Bengaluru,HSR Layout,101038.02,136,742.9266176470588,15.846470588235293,742.93
2026-05-24,Mumbai,Bandra,30874.060000000005,40,771.8515000000001,16.688249999999996,771.85
2026-06-06,Bengaluru,Koramangala,113375.90000000002,153,741.0189542483662,15.906797385620916,741.02
2026-07-08,Bengaluru,Indiranagar,93788.65,131,715.9438931297709,15.797251908396946,715.94
2026-06-14,Bengaluru,MG Road,79690.78,118,675.345593220339,16.036949152542373,675.35
2026-06-15,Mumbai,Powai,82635.84999999999,108,765.1467592592592,17.24240740740741,765.15
2026-06-19,Bengaluru,Jayanagar,96117.18,141,681.6821276595745,16.759929078014185,681.68
2026-06-20,Mumbai,Powai,74840.44,102,733.7298039215686,18.17686274509804,733.73
2026-06-03,Bengaluru,HSR Layout,95614.87999999999,125,764.9190399999999,17.6736,764.92
2026-06-19,Mumbai,Airport,91994.78,119,773.0653781512605,16.89579831932773,773.07
2026-05-30,Mumbai,Powai,79619.06,105,758.2767619047619,15.809619047619048,758.28
2026-06-25,Hyderabad,Gachibowli,111930.48999999999,154,726.8213636363636,17.854935064935066,726.82
2026-06-25,Mumbai,Bandra,89634.03,120,746.95025,16.688499999999998,746.95
2026-06-29,Bengaluru,Whitefield,110624.18,143,773.5956643356643,15.43216783216783,773.6
2026-06-30,Mumbai,Andheri,81315.49999999999,115,707.0913043478259,17.145217391304346,707.09
2026-07-08,Bengaluru,HSR Layout,87375.05,119,734.2441176470588,17.388151260504202,734.24
2026-06-04,Bengaluru,Airport,120105.17000000001,145,828.3115172413794,16.18937931034483,828.31
2026-05-31,Bengaluru,MG Road,95733.33,127,753.805748031496,17.229370078740153,753.81
2026-06-18,Hyderabad,Airport,116370.04,158,736.5192405063291,16.15905063291139,736.52
2026-06-13,Bengaluru,Whitefield,116706.12,151,772.8882119205298,15.072582781456953,772.89
2026-06-07,Bengaluru,Jayanagar,104579.51999999999,146,716.2980821917807,16.46184931506849,716.3
2026-06-04,Hyderabad,Airport,117358.95000000001,157,747.5092356687899,16.305350318471334,747.51
2026-06-19,Hyderabad,Hitech City,123460.76999999999,164,752.8095731707316,16.13341463414634,752.81
2026-06-10,Bengaluru,Whitefield,113755.37000000001,152,748.3905921052632,15.786776315789474,748.39
2026-06-17,Mumbai,Powai,83566.32,107,780.9936448598131,16.943084112149535,780.99
2026-05-27,Hyderabad,Gachibowli,124394.76999999999,160,777.4673124999999,17.003687499999998,777.47
2026-07-05,Bengaluru,Koramangala,91280.91,130,702.1608461538461,16.355076923076922,702.16
2026-06-02,Bengaluru,Marathahalli,109061.88,145,752.1508965517241,16.426413793103446,752.15
2026-07-02,Bengaluru,Jayanagar,108322.96,142,762.8377464788733,16.3169014084507,762.84
2026-05-26,Bengaluru,MG Road,105058.56000000001,149,705.0910067114095,16.950067114093958,705.09
2026-06-22,Mumbai,Bandra,73904.92,102,724.5580392156862,14.826176470588235,724.56
2026-06-11,Bengaluru,Marathahalli,105994.4,138,768.0753623188406,17.320652173913043,768.08
2026-07-04,Bengaluru,Marathahalli,111458.87,157,709.9291082802547,17.216942675159235,709.93
2026-07-04,Mumbai,Airport,77388.97,103,751.3492233009708,16.971650485436893,751.35
2026-06-10,Bengaluru,Airport,102074.6,138,739.6710144927537,16.456594202898554,739.67
2026-07-06,Hyderabad,Gachibowli,112265.08,140,801.8934285714286,16.90221428571429,801.89
2026-06-15,Hyderabad,Airport,112388.86,141,797.0841134751773,16.956879432624113,797.08
2026-06-30,Bengaluru,Koramangala,108230.69,149,726.3804697986577,17.256845637583893,726.38
2026-06-02,Bengaluru,HSR Layout,112409.94999999998,141,797.2336879432623,16.258936170212763,797.23
2026-06-21,Mumbai,Bandra,89262.09000000001,118,756.4583898305086,16.100254237288134,756.46
2026-07-09,Bengaluru,Whitefield,84274.91,109,773.1643119266056,17.038990825688074,773.16
2026-07-08,Bengaluru,Marathahalli,92833.56,123,754.7443902439024,15.40918699186992,754.74
2026-06-21,Hyderabad,Airport,113620.70000000001,155,733.0367741935485,17.909419354838715,733.04
2026-06-16,Bengaluru,Marathahalli,101678.26,145,701.2293793103448,18.112827586206894,701.23
2026-06-20,Hyderabad,Gachibowli,90796.43999999999,127,714.9325984251967,16.68314960629921,714.93
2026-06-12,Hyderabad,Hitech City,109997.15999999999,141,780.1217021276595,15.974255319148936,780.12
2026-06-09,Bengaluru,Electronic City,101777.56000000001,136,748.364411764706,16.274264705882356,748.36
2026-05-27,Mumbai,Powai,84021.66999999998,109,770.8410091743118,17.939357798165133,770.84
2026-06-01,Bengaluru,Airport,99302.45,126,788.1146825396825,16.964444444444442,788.11
2026-06-11,Mumbai,Bandra,83586.01999999999,116,720.5691379310344,15.86534482758621,720.57
2026-05-26,Bengaluru,Indiranagar,98097.06,143,685.9934265734265,16.383426573426572,685.99
2026-06-18,Bengaluru,Marathahalli,99250.09,134,740.6723134328358,16.95022388059702,740.67
2026-06-06,Mumbai,Bandra,77320.62,104,743.4675,17.338269230769235,743.47
2026-06-25,Mumbai,Andheri,71178.83,104,684.4118269230769,15.256730769230767,684.41
2026-06-13,Bengaluru,Electronic City,112245.61,140,801.7543571428572,17.452571428571428,801.75
2026-06-05,Bengaluru,Whitefield,116879.06999999999,159,735.0884905660376,15.9951572327044,735.09
2026-06-03,Bengaluru,Indiranagar,101216.06000000001,132,766.7883333333334,16.20492424242424,766.79
2026-06-23,Bengaluru,Marathahalli,85738.61,107,801.2954205607476,16.915887850467293,801.3
2026-06-11,Bengaluru,Whitefield,106122.49,146,726.8663698630137,15.746027397260274,726.87
2026-05-25,Bengaluru,HSR Layout,83212.96,129,645.0617054263566,15.963333333333333,645.06
2026-06-06,Bengaluru,Airport,100805.58000000002,143,704.934125874126,17.032167832167833,704.93
2026-06-21,Hyderabad,Hitech City,87465.01,122,716.9263114754098,17.074999999999996,716.93
2026-07-04,Bengaluru,Indiranagar,95089.69,134,709.624552238806,16.28985074626866,709.62
2026-05-28,Bengaluru,Airport,104053.08,145,717.6074482758621,17.40296551724138,717.61
2026-06-01,Bengaluru,Marathahalli,119534.32,164,728.8678048780488,17.2280487804878,728.87
2026-07-01,Bengaluru,Whitefield,108888.91,148,735.7358783783784,17.87398648648649,735.74
2026-06-21,Bengaluru,Whitefield,102090.36000000002,150,680.6024000000001,15.901466666666668,680.6
2026-07-06,Bengaluru,Marathahalli,120863.31000000001,160,755.3956875000001,17.032375000000002,755.4
2026-05-27,Bengaluru,Airport,97239.11,135,720.2897037037037,16.689555555555554,720.29
2026-07-03,Hyderabad,Gachibowli,89736.67000000001,128,701.0677343750001,16.118984375,701.07
2026-05-27,Bengaluru,Jayanagar,101445.31,149,680.8410067114094,16.371812080536916,680.84
2026-06-04,Bengaluru,MG Road,103751.02999999998,147,705.7893197278911,17.050748299319725,705.79
2026-07-06,Bengaluru,Koramangala,101946.74,139,733.4297841726619,15.304028776978418,733.43
2026-06-02,Hyderabad,Hitech City,97863.15,140,699.0224999999999,15.963071428571425,699.02
2026-07-02,Hyderabad,Airport,104411.48,132,790.9960606060606,17.292499999999997,791.0
2026-06-20,Hyderabad,Airport,90090.67,125,720.72536,16.28992,720.73
2026-06-16,Bengaluru,Airport,110644.49,140,790.3177857142857,17.79492857142857,790.32
2026-06-28,Bengaluru,Jayanagar,106725.8,144,741.151388888889,17.119375,741.15
2026-06-05,Bengaluru,Indiranagar,101311.5,141,718.5212765957447,16.007375886524827,718.52
2026-05-27,Hyderabad,Hitech City,101506.34999999999,132,768.9875,17.371818181818185,768.99
2026-07-02,Bengaluru,HSR Layout,95491.31,136,702.1419852941176,17.332867647058826,702.14
2026-05-24,Mumbai,Powai,28747.269999999997,36,798.5352777777777,17.855000000000004,798.54
2026-05-25,Bengaluru,Koramangala,105389.34999999999,133,792.4011278195488,16.206616541353384,792.4
2026-06-24,Bengaluru,Airport,101434.16,138,735.0301449275363,17.042753623188407,735.03
2026-06-12,Mumbai,Bandra,74328.70000000001,99,750.7949494949496,16.891414141414145,750.79
2026-06-14,Hyderabad,Hitech City,112245.92000000001,150,748.3061333333334,17.162733333333335,748.31
2026-05-28,Bengaluru,Marathahalli,101268.11000000002,136,744.618455882353,16.733088235294115,744.62
2026-06-14,Hyderabad,Gachibowli,118169.73000000001,155,762.3853548387098,16.77638709677419,762.39
2026-05-25,Mumbai,Bandra,88537.57,115,769.8919130434783,16.522347826086957,769.89
2026-05-26,Hyderabad,Gachibowli,103611.10000000002,142,729.6556338028171,15.639929577464788,729.66
2026-06-14,Bengaluru,Whitefield,94354.1,128,737.14140625,15.758828124999999,737.14
2026-06-10,Hyderabad,Gachibowli,98463.23,127,775.3010236220472,17.630472440944878,775.3
2026-07-09,Bengaluru,Jayanagar,74553.05,96,776.5942708333333,16.729895833333334,776.59
2026-05-24,Bengaluru,Marathahalli,39351.84,49,803.0987755102041,16.493061224489797,803.1
2026-06-01,Mumbai,Bandra,85651.57999999999,116,738.3756896551723,15.915258620689654,738.38
2026-06-20,Bengaluru,Whitefield,76359.84000000001,115,663.9986086956523,16.69965217391304,664.0
2026-06-06,Bengaluru,MG Road,104701.96000000002,131,799.2516030534352,16.627557251908396,799.25
2026-06-22,Bengaluru,Koramangala,102933.39000000001,142,724.8830281690142,16.53042253521126,724.88
2026-06-22,Bengaluru,Marathahalli,115634.42,155,746.0285161290323,16.198516129032257,746.03
2026-06-24,Hyderabad,Gachibowli,107920.45000000003,148,729.1922297297299,16.78195945945946,729.19
2026-07-09,Mumbai,Bandra,57559.189999999995,79,728.5973417721518,16.38594936708861,728.6
2026-06-26,Bengaluru,Airport,114435.96,141,811.6025531914894,16.32049645390071,811.6
2026-06-07,Bengaluru,Indiranagar,105489.51000000001,149,707.983288590604,16.911409395973156,707.98
2026-06-21,Bengaluru,Koramangala,120142.21,167,719.4144311377246,16.974491017964073,719.41
2026-06-26,Mumbai,Airport,86168.95,112,769.365625,15.355803571428572,769.37
2026-06-30,Hyderabad,Hitech City,110625.45000000001,145,762.9341379310346,16.87062068965517,762.93
2026-05-30,Hyderabad,Hitech City,115244.01999999999,148,778.6758108108107,15.718175675675678,778.68
2026-05-24,Bengaluru,Indiranagar,41066.369999999995,51,805.2229411764705,17.481764705882348,805.22
2026-06-30,Mumbai,Powai,84451.33,109,774.7828440366973,16.75559633027523,774.78
2026-06-21,Mumbai,Andheri,101110.54999999999,133,760.2296992481203,17.656240601503757,760.23
2026-06-30,Bengaluru,Whitefield,105362.98000000001,139,758.0070503597123,16.413669064748202,758.01
2026-06-04,Hyderabad,Gachibowli,101770.66000000002,147,692.3174149659865,17.571020408163264,692.32
2026-05-29,Bengaluru,Whitefield,121285.02,168,721.9346428571429,16.318214285714287,721.93
2026-06-25,Bengaluru,Marathahalli,115489.54999999999,146,791.024315068493,16.585205479452053,791.02
2026-06-08,Bengaluru,MG Road,101723.65000000001,133,764.8394736842106,15.89781954887218,764.84
2026-06-30,Bengaluru,Airport,87823.94,122,719.8683606557378,16.53122950819672,719.87
2026-07-05,Bengaluru,Marathahalli,94847.06,133,713.1357894736842,15.732105263157898,713.14
2026-05-28,Bengaluru,Indiranagar,75688.89,118,641.4312711864407,17.412542372881358,641.43
2026-07-09,Hyderabad,Gachibowli,63293.23,81,781.3979012345679,16.709876543209873,781.4
2026-06-01,Bengaluru,MG Road,95540.11,118,809.6619491525424,15.593474576271188,809.66
2026-06-21,Bengaluru,Jayanagar,109438.2,151,724.7562913907285,15.283907284768212,724.76
2026-05-30,Mumbai,Andheri,87136.29999999999,114,764.3535087719297,15.966315789473683,764.35
2026-06-17,Bengaluru,Whitefield,109958.22,142,774.353661971831,15.34429577464789,774.35
2026-06-23,Bengaluru,Airport,92184.49000000002,137,672.879489051095,16.806715328467156,672.88
2026-06-22,Bengaluru,MG Road,109608.75999999998,141,777.3670921985814,15.85085106382979,777.37
2026-07-01,Bengaluru,Airport,120514.47000000002,150,803.4298000000001,16.234133333333336,803.43
2026-06-24,Mumbai,Bandra,71531.72000000002,99,722.5426262626264,15.827878787878788,722.54
2026-06-10,Bengaluru,HSR Layout,107797.51,145,743.4311034482758,16.196689655172413,743.43
2026-05-24,Bengaluru,Koramangala,37519.68,51,735.68,18.091764705882355,735.68
2026-06-23,Hyderabad,Airport,95207.52,132,721.2690909090909,16.217575757575755,721.27
2026-06-09,Bengaluru,HSR Layout,107696.89,150,717.9792666666667,16.665999999999997,717.98
2026-06-05,Bengaluru,Koramangala,113443.43999999999,150,756.2896,16.494799999999998,756.29
2026-06-28,Bengaluru,MG Road,91632.54000000001,123,744.98,16.513333333333332,744.98
2026-06-02,Bengaluru,Airport,104967.28999999998,143,734.0369930069928,17.195244755244754,734.04
2026-06-10,Bengaluru,Koramangala,88698.73999999999,132,671.9601515151514,16.500530303030303,671.96
2026-06-10,Mumbai,Airport,85861.82999999999,116,740.1881896551723,17.33224137931035,740.19
2026-06-06,Mumbai,Airport,80048.53,110,727.713909090909,16.97509090909091,727.71
2026-06-15,Bengaluru,Koramangala,99846.64,134,745.1241791044777,16.808507462686563,745.12
2026-05-24,Bengaluru,Whitefield,29013.620000000003,46,630.7308695652174,16.226521739130433,630.73
2026-05-29,Mumbai,Bandra,77594.16,105,738.9920000000001,17.24647619047619,738.99
2026-06-27,Hyderabad,Airport,109836.93,151,727.3968874172185,15.373509933774836,727.4
2026-06-24,Mumbai,Airport,67204.08,88,763.6827272727273,17.168295454545454,763.68
2026-07-03,Bengaluru,HSR Layout,117271.18999999999,155,756.5883225806451,17.124903225806452,756.59
2026-06-15,Bengaluru,Whitefield,112026.41000000002,147,762.0844217687076,15.351904761904763,762.08
2026-06-20,Bengaluru,Electronic City,100794.06000000001,137,735.7230656934307,17.28890510948905,735.72
2026-06-12,Bengaluru,Koramangala,111273.53,151,736.9107947019868,16.34728476821192,736.91
2026-06-23,Mumbai,Bandra,81276.29000000001,103,789.0901941747574,18.238640776699032,789.09
2026-07-02,Bengaluru,MG Road,110580.64,146,757.4016438356165,15.782123287671233,757.4
2026-06-03,Bengaluru,Electronic City,99748.20000000001,134,744.389552238806,16.347537313432834,744.39
2026-07-01,Hyderabad,Gachibowli,89650.83,119,753.3683193277311,16.351260504201683,753.37
2026-06-07,Hyderabad,Airport,123196.02000000002,162,760.4692592592594,16.458765432098765,760.47
2026-06-23,Bengaluru,Electronic City,102619.54,133,771.5754887218045,15.3793984962406,771.58
2026-06-11,Bengaluru,HSR Layout,95442.26000000001,133,717.610977443609,16.554360902255638,717.61
2026-07-02,Hyderabad,Gachibowli,106530.93000000001,135,789.118,16.869185185185188,789.12
2026-06-09,Mumbai,Andheri,64334.6,98,656.4755102040816,15.800408163265306,656.48
2026-05-30,Bengaluru,Indiranagar,106792.06000000001,142,752.0567605633804,16.93725352112676,752.06
2026-06-27,Bengaluru,HSR Layout,108914.38,141,772.4424113475178,16.218865248226955,772.44
2026-06-23,Hyderabad,Hitech City,108218.42000000001,139,778.5497841726619,16.999640287769786,778.55
2026-06-26,Bengaluru,Jayanagar,94160.63,123,765.5335772357724,17.182601626016258,765.53
2026-06-19,Bengaluru,Whitefield,89763.32999999999,135,664.9135555555555,16.252074074074077,664.91
2026-06-05,Bengaluru,MG Road,112306.66999999998,153,734.0305228758169,16.891045751633985,734.03
2026-05-25,Hyderabad,Airport,104443.18,147,710.4978231292516,16.197482993197276,710.5
2026-06-03,Hyderabad,Hitech City,101017.03000000001,143,706.4127972027973,16.893776223776225,706.41
2026-07-01,Bengaluru,Marathahalli,106311.43000000001,151,704.0492052980132,16.48245033112583,704.05
2026-07-09,Bengaluru,Koramangala,57131.97000000001,80,714.1496250000001,15.630374999999997,714.15
2026-06-13,Hyderabad,Airport,100335.57999999999,131,765.9204580152671,16.381984732824428,765.92
2026-06-12,Mumbai,Andheri,85389.05,102,837.1475490196078,17.45607843137255,837.15
2026-05-29,Bengaluru,Electronic City,82784.73000000001,118,701.5655084745764,16.70305084745763,701.57
2026-06-29,Mumbai,Bandra,93529.73000000001,125,748.2378400000001,16.992720000000002,748.24
2026-06-04,Bengaluru,HSR Layout,93552.65999999999,135,692.9826666666665,16.354888888888887,692.98
2026-05-26,Bengaluru,Whitefield,114207.05000000002,151,756.3380794701987,15.98278145695364,756.34
2026-06-28,Hyderabad,Airport,113459.58999999998,150,756.3972666666665,17.981933333333334,756.4
2026-05-25,Bengaluru,Airport,116067.84000000001,158,734.606582278481,17.772911392405067,734.61
2026-05-27,Mumbai,Airport,83803.49999999999,115,728.7260869565216,15.408260869565218,728.73
2026-06-18,Bengaluru,Indiranagar,121657.97000000002,167,728.4908383233534,15.926047904191618,728.49
2026-06-05,Bengaluru,Marathahalli,96683.43,125,773.4674399999999,16.905279999999998,773.47
2026-07-01,Bengaluru,MG Road,112806.04999999999,159,709.4720125786163,16.576352201257862,709.47
2026-06-12,Hyderabad,Airport,102706.98999999999,136,755.1984558823528,17.599264705882348,755.2
2026-07-02,Mumbai,Airport,78743.18,103,764.4968932038835,16.683883495145633,764.5
2026-06-10,Hyderabad,Hitech City,93266.98000000001,138,675.8476811594204,16.448985507246373,675.85
2026-06-13,Hyderabad,Hitech City,102811.25000000001,136,755.9650735294118,17.76816176470588,755.97
2026-05-26,Bengaluru,Jayanagar,115819.00000000001,148,782.560810810811,16.177364864864863,782.56
2026-06-10,Bengaluru,Jayanagar,95379.28000000001,130,733.6867692307693,14.743307692307694,733.69
2026-05-27,Bengaluru,Koramangala,97445.84,138,706.1292753623188,18.519710144927537,706.13
2026-06-09,Mumbai,Airport,82334.33,113,728.622389380531,17.101415929203544,728.62
2026-06-04,Bengaluru,Indiranagar,117945.61000000002,158,746.4912025316456,16.51512658227848,746.49
2026-05-26,Mumbai,Andheri,80483.39,109,738.3797247706422,16.774128440366972,738.38
2026-06-13,Hyderabad,Gachibowli,87807.27000000002,120,731.7272500000001,14.914333333333337,731.73
2026-06-09,Mumbai,Bandra,77357.95,113,684.583628318584,16.923185840707966,684.58
2026-06-17,Bengaluru,Airport,135512.49,173,783.309190751445,17.837341040462427,783.31
2026-06-17,Mumbai,Andheri,74726.61,105,711.682,16.937619047619048,711.68
2026-06-07,Hyderabad,Hitech City,99699.44999999998,132,755.2988636363635,17.120378787878792,755.3
2026-06-18,Bengaluru,MG Road,120267.09999999998,159,756.3968553459118,15.728301886792455,756.4
2026-07-05,Bengaluru,Indiranagar,102522.21,129,794.7458139534884,17.042790697674423,794.75
2026-07-06,Bengaluru,Jayanagar,104403.62999999999,144,725.0252083333332,16.84222222222222,725.03
2026-06-04,Bengaluru,Marathahalli,102894.68,136,756.5785294117646,15.80345588235294,756.58
2026-06-07,Bengaluru,Koramangala,113965.55,152,749.7733552631579,17.107302631578946,749.77
2026-05-26,Mumbai,Bandra,70347.45,89,790.4207865168539,14.277865168539323,790.42
2026-07-08,Bengaluru,MG Road,86833.06999999999,125,694.6645599999999,15.82176,694.66
2026-05-29,Hyderabad,Airport,103870.4,147,706.6013605442176,16.71374149659864,706.6
2026-07-07,Mumbai,Bandra,67392.62,90,748.8068888888888,16.44,748.81
2026-06-19,Bengaluru,Electronic City,95823.45999999998,127,754.5154330708659,16.41212598425197,754.52
2026-06-08,Bengaluru,Electronic City,107015.26,141,758.973475177305,15.834822695035461,758.97
2026-06-01,Mumbai,Airport,91203.51,115,793.074,16.86095652173913,793.07
2026-06-17,Bengaluru,Jayanagar,104955.59,152,690.4973026315789,15.41546052631579,690.5
2026-05-31,Hyderabad,Airport,109684.65999999999,162,677.0658024691357,17.37148148148148,677.07
2026-06-26,Bengaluru,Indiranagar,113687.98000000001,152,747.9472368421053,14.99644736842105,747.95
2026-06-07,Bengaluru,Electronic City,108282.16000000002,141,767.9585815602838,16.291914893617022,767.96
2026-06-24,Bengaluru,Electronic City,117999.81,149,791.9450335570469,16.0006711409396,791.95
2026-07-07,Hyderabad,Airport,121362.61,149,814.5141610738256,15.770402684563756,814.51
2026-07-05,Mumbai,Andheri,72802.43,100,728.0242999999999,15.896999999999998,728.02
2026-07-07,Bengaluru,Jayanagar,90873.84999999999,122,744.8676229508196,15.909754098360654,744.87
2026-07-02,Mumbai,Andheri,71255.86,106,672.2250943396226,17.45820754716981,672.23
2026-06-03,Hyderabad,Airport,113370.89000000001,159,713.0244654088051,16.59182389937107,713.02
2026-07-08,Hyderabad,Airport,90492.00999999998,118,766.8814406779659,16.533220338983053,766.88
2026-06-12,Mumbai,Powai,73969.98999999999,103,718.1552427184465,15.8752427184466,718.16
2026-06-06,Bengaluru,Marathahalli,120594.98000000001,163,739.8465030674847,17.038343558282207,739.85
2026-06-26,Bengaluru,Marathahalli,108345.45999999998,141,768.4075177304962,15.836382978723403,768.41
2026-06-07,Mumbai,Powai,79134.15,114,694.1592105263157,14.945087719298245,694.16
2026-06-04,Bengaluru,Electronic City,95164.06000000001,133,715.5192481203009,16.82255639097744,715.52
2026-06-23,Bengaluru,MG Road,107579.68,135,796.8865185185184,16.55355555555555,796.89
2026-07-04,Bengaluru,HSR Layout,114317.08000000002,154,742.3187012987014,15.619285714285713,742.32
2026-06-15,Bengaluru,MG Road,101113.03,138,732.703115942029,16.215724637681163,732.7
2026-06-26,Bengaluru,Koramangala,85685.12,129,664.2257364341085,15.41418604651163,664.23
2026-06-26,Mumbai,Andheri,76509.05,97,788.7530927835052,18.13865979381443,788.75
2026-05-30,Mumbai,Bandra,80296.91,105,764.7324761904762,15.685809523809525,764.73
2026-06-12,Bengaluru,Whitefield,118375.99999999999,173,684.2543352601156,17.286473988439305,684.25
2026-06-17,Mumbai,Airport,86678.55,120,722.3212500000001,15.482416666666666,722.32
2026-06-24,Bengaluru,Koramangala,100927.22,140,720.9087142857143,16.713928571428575,720.91
2026-07-07,Hyderabad,Gachibowli,104064.14,138,754.0879710144927,16.75695652173913,754.09
2026-06-16,Bengaluru,Electronic City,107284.16,143,750.2388811188812,14.853636363636365,750.24
2026-06-14,Bengaluru,Koramangala,88216.4,132,668.3060606060606,16.46151515151515,668.31
2026-05-26,Mumbai,Airport,97695.09999999999,134,729.0679104477612,15.357537313432838,729.07
2026-06-29,Mumbai,Powai,79630.45,104,765.6774038461538,16.338365384615383,765.68
2026-07-08,Bengaluru,Airport,105192.68,149,705.9911409395972,15.900335570469796,705.99
2026-05-24,Bengaluru,Airport,32583.59,51,638.8939215686274,15.661176470588236,638.89
2026-07-09,Hyderabad,Airport,75483.81,101,747.3644554455445,16.37990099009901,747.36
2026-06-26,Bengaluru,Electronic City,112160.92,142,789.8656338028169,17.003450704225354,789.87
2026-06-15,Bengaluru,Marathahalli,97368.72,127,766.6828346456693,16.851181102362208,766.68
2026-06-15,Bengaluru,Electronic City,97937.96000000002,143,684.8808391608393,15.243216783216784,684.88
2026-05-25,Mumbai,Powai,70771.20999999999,106,667.6529245283018,17.443962264150944,667.65
2026-07-09,Bengaluru,HSR Layout,80813.36000000002,99,816.2965656565658,17.384848484848483,816.3
2026-07-05,Bengaluru,Airport,92724.18,132,702.455909090909,15.165984848484845,702.46
2026-06-07,Hyderabad,Gachibowli,94855.19,125,758.8415200000001,17.74704,758.84
2026-06-22,Bengaluru,Jayanagar,89470.26,122,733.3627868852459,16.060081967213115,733.36
2026-06-28,Bengaluru,Electronic City,99898.51,136,734.5478676470588,15.932352941176472,734.55
2026-07-06,Hyderabad,Hitech City,114725.20999999999,159,721.5422012578616,16.93572327044025,721.54
2026-05-27,Bengaluru,MG Road,84965.03000000001,117,726.1968376068377,15.89965811965812,726.2
2026-06-12,Bengaluru,Airport,91022.79000000001,130,700.1753076923078,16.890153846153847,700.18
2026-06-02,Hyderabad,Gachibowli,97493.68999999999,133,733.0352631578946,16.332556390977444,733.04
2026-05-27,Bengaluru,Marathahalli,91398.73000000001,133,687.2084962406016,17.521203007518793,687.21
2026-06-08,Hyderabad,Airport,103710.47000000002,126,823.0989682539683,15.525952380952383,823.1
2026-06-08,Bengaluru,Koramangala,114072.56,145,786.7073103448275,16.20648275862069,786.71
2026-06-17,Bengaluru,MG Road,95911.23999999999,127,755.2066141732282,16.384409448818896,755.21
2026-06-23,Bengaluru,Koramangala,116935.37999999999,157,744.8113375796178,16.861910828025472,744.81
2026-06-06,Bengaluru,Jayanagar,95335.4,131,727.7511450381679,15.68687022900763,727.75
2026-05-29,Hyderabad,Hitech City,116723.58,153,762.8992156862745,16.327647058823533,762.9
2026-06-24,Bengaluru,Marathahalli,98981.18000000001,138,717.2549275362319,16.191956521739133,717.25
2026-05-30,Bengaluru,Marathahalli,90066.90999999999,119,756.8647899159663,16.576638655462187,756.86
2026-05-26,Hyderabad,Airport,122210.16000000002,161,759.0693167701864,16.288695652173914,759.07
2026-07-08,Bengaluru,Whitefield,110076.43,144,764.4196527777777,16.645138888888887,764.42
2026-06-04,Hyderabad,Hitech City,94111.36000000002,124,758.9625806451614,15.508629032258064,758.96
2026-06-20,Mumbai,Airport,74204.09999999999,105,706.7057142857142,17.797809523809523,706.71
2026-07-01,Hyderabad,Airport,119043.47,149,798.9494630872483,16.016979865771813,798.95
2026-06-26,Mumbai,Bandra,75738.89,109,694.8522018348624,15.561376146788993,694.85
2026-06-17,Hyderabad,Hitech City,113109.24,145,780.0637241379311,17.06248275862069,780.06
2026-07-04,Bengaluru,Jayanagar,100655.66999999998,129,780.2765116279069,16.582558139534882,780.28
2026-06-03,Bengaluru,MG Road,118866.34,162,733.7428395061728,16.894444444444446,733.74
2026-06-10,Bengaluru,Indiranagar,114574.55,148,774.1523648648649,15.49,774.15
2026-06-16,Mumbai,Andheri,64147.18,86,745.8974418604652,17.306976744186045,745.9
2026-07-05,Mumbai,Powai,71832.37,96,748.2538541666667,16.982291666666665,748.25
2026-06-24,Hyderabad,Hitech City,114418.55,158,724.1680379746836,16.966708860759493,724.17
2026-06-13,Mumbai,Bandra,71369.91,103,692.9117475728156,16.073203883495147,692.91
2026-06-06,Hyderabad,Gachibowli,94092.95000000001,141,667.3258865248227,15.502340425531917,667.33
2026-06-04,Mumbai,Powai,74160.06999999999,102,727.0595098039215,17.057156862745096,727.06
2026-06-15,Mumbai,Andheri,69345.21,91,762.0352747252748,16.914285714285718,762.04
2026-06-18,Bengaluru,Electronic City,111263.06,149,746.7319463087248,16.33543624161074,746.73
2026-06-07,Bengaluru,Whitefield,110706.28,148,748.0154054054054,16.67087837837838,748.02
2026-06-21,Bengaluru,Marathahalli,102212.96999999999,138,740.6736956521738,15.796159420289854,740.67
2026-06-23,Mumbai,Andheri,77754.92,104,747.6434615384616,17.05903846153846,747.64
2026-06-09,Mumbai,Powai,83056.90000000001,111,748.2603603603604,17.18900900900901,748.26
2026-06-22,Hyderabad,Airport,109540.84999999998,145,755.4541379310343,16.366482758620688,755.45
2026-06-10,Mumbai,Powai,74780.73,110,679.8248181818182,16.568272727272724,679.82
2026-05-29,Mumbai,Powai,82570.38,115,718.0033043478261,16.54669565217391,718.0
2026-07-08,Bengaluru,Jayanagar,98367.56000000001,141,697.6422695035462,16.55957446808511,697.64
2026-06-05,Bengaluru,HSR Layout,101761.81000000001,136,748.2486029411766,16.425514705882357,748.25
2026-06-01,Bengaluru,Indiranagar,98512.91,137,719.0723357664234,15.958175182481755,719.07
2026-07-03,Bengaluru,Whitefield,104365.36000000002,138,756.2707246376813,16.469710144927536,756.27
2026-07-09,Mumbai,Andheri,42939.97,63,681.5868253968254,16.372698412698412,681.59
2026-06-01,Bengaluru,Electronic City,91896.73000000001,129,712.3777519379846,15.702170542635658,712.38
2026-07-04,Mumbai,Powai,80616.52,110,732.8774545454546,18.013727272727273,732.88
2026-06-28,Bengaluru,Indiranagar,111298.40000000001,145,767.5751724137932,16.871103448275857,767.58
2026-06-14,Bengaluru,Airport,81387.26,111,733.2185585585585,17.33648648648649,733.22
2026-06-25,Bengaluru,Whitefield,105308.58,140,752.2041428571429,16.814214285714286,752.2
2026-06-25,Bengaluru,Airport,111296.84,143,778.2995804195804,16.297272727272727,778.3
2026-07-05,Bengaluru,MG Road,122903.73000000001,150,819.3582000000001,17.8292,819.36
2026-06-29,Bengaluru,Jayanagar,111257.16,151,736.8023841059603,16.122185430463574,736.8
2026-06-05,Bengaluru,Electronic City,118099.56999999999,150,787.3304666666667,16.394600000000004,787.33
2026-06-26,Hyderabad,Hitech City,100880.42000000001,127,794.3340157480316,17.202913385826772,794.33
2026-06-09,Bengaluru,Airport,94409.15000000001,141,669.5684397163121,17.19695035460993,669.57
2026-05-24,Bengaluru,Jayanagar,49673.2,60,827.8866666666667,17.433499999999995,827.89
2026-07-07,Mumbai,Andheri,91879.11,122,753.1074590163935,15.765901639344262,753.11
2026-06-29,Bengaluru,Indiranagar,103822.89000000001,148,701.5060135135136,15.468716216216215,701.51
2026-06-12,Mumbai,Airport,77019.44000000002,100,770.1944000000002,16.5367,770.19
2026-06-17,Bengaluru,HSR Layout,105934.10999999999,140,756.6722142857142,16.984142857142857,756.67
2026-06-28,Bengaluru,Koramangala,103753.04,143,725.5457342657343,15.735384615384614,725.55
2026-05-25,Bengaluru,Indiranagar,119443.49999999999,153,780.6764705882352,16.671960784313725,780.68
2026-06-24,Mumbai,Powai,90033.53,120,750.2794166666666,15.924250000000002,750.28
2026-07-05,Bengaluru,Electronic City,115712.12,152,761.263947368421,16.763618421052637,761.26
2026-06-29,Bengaluru,Marathahalli,78300.3,115,680.8721739130435,16.602521739130434,680.87
2026-06-17,Mumbai,Bandra,81382.73,103,790.1235922330096,17.966407766990294,790.12
2026-07-08,Mumbai,Airport,82609.29000000001,113,731.0556637168143,16.798495575221242,731.06
2026-07-01,Bengaluru,HSR Layout,107372.68,141,761.5083687943262,16.402056737588648,761.51
2026-07-08,Mumbai,Powai,84232.35999999999,119,707.8349579831931,16.624033613445377,707.83
2026-06-15,Bengaluru,Indiranagar,97475.67000000001,134,727.4303731343284,16.012686567164177,727.43
2026-07-02,Bengaluru,Indiranagar,106945.76999999999,143,747.8725174825174,16.05825174825175,747.87
2026-06-03,Hyderabad,Gachibowli,99090.19,131,756.4136641221374,16.126946564885497,756.41
2026-06-29,Mumbai,Andheri,94177.34,120,784.8111666666666,15.927166666666666,784.81
2026-05-24,Mumbai,Airport,32437.91,47,690.1682978723404,16.748936170212765,690.17
2026-06-15,Mumbai,Airport,71424.75,94,759.8377659574468,15.243085106382978,759.84
2026-06-30,Bengaluru,MG Road,99704.61,132,755.3379545454545,16.522651515151512,755.34
2026-06-25,Hyderabad,Hitech City,107107.8,148,723.7013513513514,17.23668918918919,723.7
2026-07-04,Mumbai,Andheri,84695.81,112,756.2125892857142,16.367678571428574,756.21
2026-06-18,Bengaluru,Whitefield,116083.80000000002,147,789.6857142857144,17.171496598639457,789.69
2026-06-01,Hyderabad,Airport,99511.02000000002,143,695.8812587412589,15.74839160839161,695.88
2026-06-11,Bengaluru,Jayanagar,94686.64,128,739.739375,16.78140625,739.74
2026-06-18,Hyderabad,Gachibowli,94533.05,134,705.4705223880597,16.415298507462687,705.47
2026-06-19,Bengaluru,Indiranagar,91206.25000000001,134,680.643656716418,17.130298507462687,680.64
2026-07-01,Mumbai,Andheri,88264.79999999999,119,741.7210084033612,16.858319327731095,741.72
2026-06-08,Bengaluru,Marathahalli,86544.49999999999,132,655.6401515151514,16.82371212121212,655.64
2026-05-29,Bengaluru,Marathahalli,94549.09,143,661.1824475524476,15.932097902097901,661.18
2026-06-03,Bengaluru,Airport,82297.56999999998,123,669.0859349593494,16.33951219512195,669.09
2026-06-30,Mumbai,Airport,81560.22,104,784.2328846153846,17.648557692307694,784.23
2026-06-10,Bengaluru,Marathahalli,112947.50000000001,151,747.996688741722,17.71046357615894,748.0
2026-07-09,Mumbai,Airport,53117.63999999999,69,769.8208695652173,18.01246376811594,769.82
2026-06-01,Bengaluru,HSR Layout,97350.4,129,754.6542635658915,15.45891472868217,754.65
2026-07-03,Bengaluru,Indiranagar,107257.26,144,744.8420833333333,16.897708333333334,744.84
2026-06-14,Hyderabad,Airport,107773.37,150,718.4891333333333,16.905333333333335,718.49
2026-06-26,Bengaluru,MG Road,108219.27999999998,152,711.9689473684209,16.255394736842103,711.97
2026-06-06,Hyderabad,Hitech City,92231.74,130,709.4749230769231,17.071769230769227,709.47
2026-06-06,Bengaluru,Whitefield,91363.18,126,725.1046031746031,14.937936507936508,725.1
2026-06-24,Bengaluru,Whitefield,112148.73999999999,149,752.6761073825503,16.45469798657718,752.68
2026-05-30,Bengaluru,HSR Layout,102369.34999999998,135,758.2914814814814,16.517703703703702,758.29
2026-06-27,Mumbai,Bandra,86508.73999999999,116,745.7649999999999,17.3675,745.76
2026-05-24,Bengaluru,Electronic City,32381.879999999997,48,674.6225,17.442916666666665,674.62
2026-07-02,Bengaluru,Marathahalli,99770.46000000002,127,785.5941732283467,16.883385826771658,785.59
2026-07-06,Mumbai,Powai,74653.59000000003,103,724.7921359223303,16.481844660194174,724.79
2026-06-07,Bengaluru,MG Road,99596.50000000001,134,743.2574626865672,16.692686567164177,743.26
2026-06-19,Bengaluru,HSR Layout,130501.75,178,733.1558988764045,17.013033707865173,733.16
2026-06-28,Mumbai,Powai,80740.92,107,754.5880373831776,17.34373831775701,754.59
2026-05-27,Bengaluru,Electronic City,117203.61,155,756.1523225806452,15.939225806451612,756.15
2026-06-19,Hyderabad,Gachibowli,96001.65999999999,137,700.7420437956204,16.594890510948904,700.74
2026-06-30,Hyderabad,Gachibowli,102757.34999999999,139,739.2615107913668,16.96661870503597,739.26
2026-07-09,Bengaluru,Airport,66577.39000000001,101,659.1820792079209,15.034752475247524,659.18
2026-07-09,Bengaluru,Indiranagar,76592.31999999999,95,806.234947368421,16.634736842105262,806.23
2026-07-06,Bengaluru,HSR Layout,110184.84000000001,155,710.869935483871,17.32374193548387,710.87
2026-06-21,Mumbai,Airport,80969.14,104,778.5494230769231,17.18730769230769,778.55
2026-07-02,Mumbai,Bandra,80230.52999999998,100,802.3052999999999,16.9669,802.31
2026-06-14,Mumbai,Andheri,75731.69,109,694.7861467889909,15.73211009174312,694.79
2026-05-30,Bengaluru,Jayanagar,105613.65,141,749.0329787234042,16.239787234042552,749.03
2026-07-05,Bengaluru,Jayanagar,109446.81999999999,149,734.5424161073825,16.12543624161074,734.54
2026-05-28,Mumbai,Bandra,71658.56999999999,103,695.7142718446602,15.905242718446601,695.71
2026-05-24,Bengaluru,HSR Layout,32489.88,47,691.2740425531915,17.612765957446808,691.27
2026-06-02,Hyderabad,Airport,87861.75,124,708.5625,17.2483870967742,708.56
2026-05-26,Bengaluru,HSR Layout,113275.70000000001,144,786.6368055555556,17.465416666666666,786.64
2026-06-15,Bengaluru,Jayanagar,110834.04000000002,145,764.3726896551726,16.70758620689655,764.37
2026-06-21,Bengaluru,HSR Layout,102341.27,131,781.2310687022901,16.91618320610687,781.23
2026-06-01,Mumbai,Andheri,83210.69,113,736.3777876106195,15.309646017699112,736.38
2026-05-30,Bengaluru,Whitefield,117499.68000000001,146,804.7923287671233,17.053972602739726,804.79
2026-07-09,Mumbai,Powai,42465.759999999995,55,772.1047272727271,15.628727272727275,772.1
2026-05-29,Mumbai,Andheri,77883.77000000002,97,802.9254639175259,15.90577319587629,802.93
2026-06-29,Hyderabad,Gachibowli,99642.83,150,664.2855333333333,17.01813333333333,664.29
2026-06-10,Hyderabad,Airport,88643.64000000001,129,687.1600000000001,16.175736434108526,687.16
2026-06-27,Bengaluru,Airport,102056.04999999999,137,744.9346715328467,15.97452554744526,744.93
2026-06-12,Bengaluru,Indiranagar,105145.66999999998,137,767.4866423357663,16.082846715328465,767.49
2026-07-09,Bengaluru,Marathahalli,70540.54,92,766.7449999999999,18.41663043478261,766.74
2026-07-04,Mumbai,Bandra,71921.45999999999,95,757.0679999999999,15.583684210526314,757.07
2026-06-25,Mumbai,Airport,76634.47999999998,101,758.7572277227721,15.09534653465347,758.76
2026-06-19,Mumbai,Andheri,68803.09,96,716.6988541666666,15.843020833333334,716.7
2026-07-06,Bengaluru,Indiranagar,106568.39,133,801.2660902255639,16.592180451127817,801.27
2026-06-08,Hyderabad,Hitech City,107604.40000000002,152,707.9236842105265,16.439934210526314,707.92
2026-06-08,Mumbai,Airport,68933.8,95,725.6189473684211,16.744105263157895,725.62
2026-06-11,Bengaluru,Electronic City,113937.98,144,791.2359722222222,16.111944444444443,791.24
2026-06-24,Bengaluru,Jayanagar,99098.6,136,728.6661764705883,16.185808823529413,728.67
2026-07-04,Hyderabad,Airport,109646.69000000002,150,730.9779333333335,16.703333333333337,730.98
2026-07-07,Hyderabad,Hitech City,93707.1,133,704.5646616541354,17.097969924812027,704.56
2026-06-29,Bengaluru,Electronic City,96002.71999999999,132,727.2933333333332,16.335606060606057,727.29
2026-05-30,Hyderabad,Gachibowli,98804.67,149,663.1185906040268,16.03187919463087,663.12
2026-06-01,Hyderabad,Gachibowli,122549.4,164,747.2524390243902,16.274939024390246,747.25
